,is_asm,maszyna,asm_name,name,biblioteka,par_per_asm
0,1,036P,036P_00.00.00.000_Przenosnik_lancuchowy,036P_02.00.00.000_Modul_lancuchowy_staly,036P_02.00.00.000_Modul_lancuchowy_staly,1
1,0,036P,036P_00.00.00.000_Przenosnik_lancuchowy,DIN_934_M10_Zn_KL8,DIN_934_M10_Zn_KL8,1
2,1,036P,036P_00.00.00.000_Przenosnik_lancuchowy,036P_03.00.00.000_Oprawa_dzielona_fi30,036P_03.00.00.000_Oprawa_dzielona_fi30,1
3,1,036P,036P_00.00.00.000_Przenosnik_lancuchowy,036P_01.00.00.000M_Modul_lancuchowy_podnoszony,036P_01.00.00.000M_Modul_lancuchowy_podnoszony,1
4,1,036P,036P_00.00.00.000_Przenosnik_lancuchowy,036P_01.00.00.000_Modul_lancuchowy_podnoszony,036P_01.00.00.000_Modul_lancuchowy_podnoszony,1
5,0,036P,036P_00.00.00.000_Przenosnik_lancuchowy,DIN_933_M10x90_Zn_KL8.8,DIN_933_M10x90_Zn_KL8.8,1
6,1,036P,036P_00.00.00.000_Przenosnik_lancuchowy,036P_04.00.00.000_Wal_podnoszacy,036P_04.00.00.000_Wal_podnoszacy,1
7,0,036P,036P_00.00.00.000_Przenosnik_lancuchowy,DIN_9021_M8_Zn_HV200,DIN_9021_M8_Zn_HV200,1
8,1,036P,036P_00.00.00.000_Przenosnik_lancuchowy,036P_01.00.00.000M_Modul_lancuchowy_podnoszony,036P_01.00.00.000M_Modul_lancuchowy_podnoszony,1
9,0,036P,036P_00.00.00.000_Przenosnik_lancuchowy,DIN_125_M16_Zn_HV200,DIN_125_M16_Zn_HV200,1
10,0,036P,036P_00.00.00.000_Przenosnik_lancuchowy,683677 SBN-50_63---(R),683677 SBN-50_63---(R),1
11,0,036P,036P_00.00.00.000_Przenosnik_lancuchowy,"036P_01.00.00.006_Tulejka_21,3x2,6x14","036P_01.00.00.006_Tulejka_21,3x2,6x14",1
12,1,036P,036P_00.00.00.000_Przenosnik_lancuchowy,"Glowica_przegubowa_9263 SGS-M16x1,5","Glowica_przegubowa_9263 SGS-M16x1,5",1
13,0,036P,036P_00.00.00.000_Przenosnik_lancuchowy,DIN_912_M8x25_Zn_KL8.8,DIN_912_M8x25_Zn_KL8.8,1
14,0,036P,036P_00.00.00.000_Przenosnik_lancuchowy,Zawor_dlawiaco-zwrotny_GRLA-1_4-QS-8-D,Zawor_dlawiaco-zwrotny_GRLA-1_4-QS-8-D,1
15,0,036P,036P_00.00.00.000_Przenosnik_lancuchowy,DIN_985_M16_Zn_KL8,DIN_985_M16_Zn_KL8,1
16,0,036P,036P_00.00.00.000_Przenosnik_lancuchowy,DIN_125_M8_Zn_HV200,DIN_125_M8_Zn_HV200,1
17,0,036P,036P_00.00.00.000_Przenosnik_lancuchowy,DIN_125_M8_Zn_HV200,DIN_125_M8_Zn_HV200,1
18,0,036P,036P_00.00.00.000_Przenosnik_lancuchowy,DIN_985_M8_Zn_KL.8,DIN_985_M8_Zn_KL.8,1
19,0,036P,036P_00.00.00.000_Przenosnik_lancuchowy,DIN_985_M8_Zn_KL.8,DIN_985_M8_Zn_KL.8,1
20,0,036P,036P_00.00.00.000_Przenosnik_lancuchowy,Zawor_dlawiaco-zwrotny_GRLA-1_4-QS-8-D,Zawor_dlawiaco-zwrotny_GRLA-1_4-QS-8-D,1
21,0,036P,036P_00.00.00.000_Przenosnik_lancuchowy,DIN_985_M8_Zn_KL.8,DIN_985_M8_Zn_KL.8,1
22,0,036P,036P_00.00.00.000_Przenosnik_lancuchowy,DIN_931_M16x100_Zn_KL8.8,DIN_931_M16x100_Zn_KL8.8,1
23,0,036P,036P_00.00.00.000_Przenosnik_lancuchowy,DIN_912_M8x25_Zn_KL8.8,DIN_912_M8x25_Zn_KL8.8,1
24,0,036P,036P_00.00.00.000_Przenosnik_lancuchowy,DIN_931_M16x100_Zn_KL8.8,DIN_931_M16x100_Zn_KL8.8,1
25,0,036P,036P_00.00.00.000_Przenosnik_lancuchowy,DIN_985_M16_Zn_KL8,DIN_985_M16_Zn_KL8,1
26,0,036P,036P_00.00.00.000_Przenosnik_lancuchowy,DIN_125_M16_Zn_HV200,DIN_125_M16_Zn_HV200,1
27,0,036P,036P_00.00.00.000_Przenosnik_lancuchowy,DIN_125_M16_Zn_HV200,DIN_125_M16_Zn_HV200,1
28,0,036P,036P_00.00.00.000_Przenosnik_lancuchowy,Zawor_dlawiaco-zwrotny_GRLA-1_4-QS-8-D,Zawor_dlawiaco-zwrotny_GRLA-1_4-QS-8-D,1
29,0,036P,036P_00.00.00.000_Przenosnik_lancuchowy,Zawor_dlawiaco-zwrotny_GRLA-1_4-QS-8-D,Zawor_dlawiaco-zwrotny_GRLA-1_4-QS-8-D,1
30,0,036P,036P_00.00.00.000_Przenosnik_lancuchowy,DIN_912_M8x25_Zn_KL8.8,DIN_912_M8x25_Zn_KL8.8,1
31,0,036P,036P_00.00.00.000_Przenosnik_lancuchowy,DIN_985_M8_Zn_KL.8,DIN_985_M8_Zn_KL.8,1
32,0,036P,036P_00.00.00.000_Przenosnik_lancuchowy,DIN_125_M8_Zn_HV200,DIN_125_M8_Zn_HV200,1
33,1,036P,036P_00.00.00.000_Przenosnik_lancuchowy,"Glowica_przegubowa_9263 SGS-M16x1,5","Glowica_przegubowa_9263 SGS-M16x1,5",1
34,1,036P,036P_00.00.00.000_Przenosnik_lancuchowy,Silownik_DSNU-50-125-P-A,Silownik_DSNU-50-125-P-A,1
35,0,036P,036P_00.00.00.000_Przenosnik_lancuchowy,683677 SBN-50_63---(R),683677 SBN-50_63---(R),1
36,0,036P,036P_00.00.00.000_Przenosnik_lancuchowy,539926 SBN-50_63---(0LB),539926 SBN-50_63---(0LB),1
37,1,036P,036P_00.00.00.000_Przenosnik_lancuchowy,036P_03.00.00.000_Oprawa_dzielona_fi30,036P_03.00.00.000_Oprawa_dzielona_fi30,1
38,0,036P,036P_00.00.00.000_Przenosnik_lancuchowy,DIN_912_M8x25_Zn_KL8.8,DIN_912_M8x25_Zn_KL8.8,1
39,0,036P,036P_00.00.00.000_Przenosnik_lancuchowy,DIN_931_M16x100_Zn_KL8.8,DIN_931_M16x100_Zn_KL8.8,1
40,0,036P,036P_00.00.00.000_Przenosnik_lancuchowy,DIN_127_M8_Zn_HV200,DIN_127_M8_Zn_HV200,1
41,0,036P,036P_00.00.00.000_Przenosnik_lancuchowy,DIN_934_M8_Zn_KL8,DIN_934_M8_Zn_KL8,1
42,0,036P,036P_00.00.00.000_Przenosnik_lancuchowy,DIN_933_M8x30_Zn_KL8.8,DIN_933_M8x30_Zn_KL8.8,1
43,0,036P,036P_00.00.00.000_Przenosnik_lancuchowy,DIN_931_M16x100_Zn_KL8.8,DIN_931_M16x100_Zn_KL8.8,1
44,0,036P,036P_00.00.00.000_Przenosnik_lancuchowy,DIN_985_M16_Zn_KL8,DIN_985_M16_Zn_KL8,1
45,0,036P,036P_00.00.00.000_Przenosnik_lancuchowy,DIN_125_M16_Zn_HV200,DIN_125_M16_Zn_HV200,1
46,0,036P,036P_00.00.00.000_Przenosnik_lancuchowy,DIN_125_M16_Zn_HV200,DIN_125_M16_Zn_HV200,1
47,0,036P,036P_00.00.00.000_Przenosnik_lancuchowy,Kolo_lancuchowe_z_piasta_SM_12B-2_z17_d25,Kolo_lancuchowe_z_piasta_SM_12B-2_z17_d25,1
48,0,036P,036P_00.00.00.000_Przenosnik_lancuchowy,DIN_985_M8_Zn_KL.8,DIN_985_M8_Zn_KL.8,1
49,0,036P,036P_00.00.00.000_Przenosnik_lancuchowy,DIN_912_M8x25_Zn_KL8.8,DIN_912_M8x25_Zn_KL8.8,1
50,1,036P,036P_00.00.00.000_Przenosnik_lancuchowy,036P_03.00.00.000_Oprawa_dzielona_fi30,036P_03.00.00.000_Oprawa_dzielona_fi30,1
51,1,036P,036P_00.00.00.000_Przenosnik_lancuchowy,036P_03.00.00.000_Oprawa_dzielona_fi30,036P_03.00.00.000_Oprawa_dzielona_fi30,1
52,1,036P,036P_00.00.00.000_Przenosnik_lancuchowy,036P_03.00.00.000_Oprawa_dzielona_fi30,036P_03.00.00.000_Oprawa_dzielona_fi30,1
53,0,036P,036P_00.00.00.000_Przenosnik_lancuchowy,Motoreduktor_CHM_50_10_80_B14_V6_CHT_80_D4_1.10_Kw_230-400V-50Hz_1_CHT_MVS_SX_PC_DX,Motoreduktor_CHM_50_10_80_B14_V6_CHT_80_D4_1.10_Kw_230-400V-50Hz_1_CHT_MVS_SX_PC_DX,1
54,1,036P,036P_00.00.00.000_Przenosnik_lancuchowy,036P_06.00.00.000_Cieglo,036P_06.00.00.000_Cieglo,1
55,0,036P,036P_00.00.00.000_Przenosnik_lancuchowy,DIN_985_M8_Zn_KL.8,DIN_985_M8_Zn_KL.8,1
56,0,036P,036P_00.00.00.000_Przenosnik_lancuchowy,DIN_125_M8_Zn_HV200,DIN_125_M8_Zn_HV200,1
57,0,036P,036P_00.00.00.000_Przenosnik_lancuchowy,DIN_912_M8x25_Zn_KL8.8,DIN_912_M8x25_Zn_KL8.8,1
58,0,036P,036P_00.00.00.000_Przenosnik_lancuchowy,DIN_985_M8_Zn_KL.8,DIN_985_M8_Zn_KL.8,1
59,0,036P,036P_00.00.00.000_Przenosnik_lancuchowy,DIN_125_M8_Zn_HV200,DIN_125_M8_Zn_HV200,1
60,0,036P,036P_00.00.00.000_Przenosnik_lancuchowy,DIN_125_M8_Zn_HV200,DIN_125_M8_Zn_HV200,1
61,0,036P,036P_00.00.00.000_Przenosnik_lancuchowy,DIN_912_M8x25_Zn_KL8.8,DIN_912_M8x25_Zn_KL8.8,1
62,0,036P,036P_00.00.00.000_Przenosnik_lancuchowy,Zawor_dlawiaco-zwrotny_GRLA-1_4-QS-8-D,Zawor_dlawiaco-zwrotny_GRLA-1_4-QS-8-D,1
63,0,036P,036P_00.00.00.000_Przenosnik_lancuchowy,Tuleja_zaciskowa_BK13-35x60,Tuleja_zaciskowa_BK13-35x60,1
64,1,036P,036P_00.00.00.000_Przenosnik_lancuchowy,036P_03.00.00.000_Oprawa_dzielona_fi30,036P_03.00.00.000_Oprawa_dzielona_fi30,1
65,0,036P,036P_00.00.00.000_Przenosnik_lancuchowy,036P_00.00.00.002_Kolo_lancuchowe_z_piasta_12B-2_z17,036P_00.00.00.002_Kolo_lancuchowe_z_piasta_12B-2_z17,1
66,1,036P,036P_00.00.00.000_Przenosnik_lancuchowy,036P_03.00.00.000_Oprawa_dzielona_fi30,036P_03.00.00.000_Oprawa_dzielona_fi30,1
67,1,036P,036P_00.00.00.000_Przenosnik_lancuchowy,Silownik_DSNU-50-125-P-A,Silownik_DSNU-50-125-P-A,1
68,0,036P,036P_00.00.00.000_Przenosnik_lancuchowy,Zawor_dlawiaco-zwrotny_GRLA-1_4-QS-8-D,Zawor_dlawiaco-zwrotny_GRLA-1_4-QS-8-D,1
69,0,036P,036P_00.00.00.000_Przenosnik_lancuchowy,"036P_01.00.00.006_Tulejka_21,3x2,6x14","036P_01.00.00.006_Tulejka_21,3x2,6x14",1
70,0,036P,036P_00.00.00.000_Przenosnik_lancuchowy,DIN_985_M16_Zn_KL8,DIN_985_M16_Zn_KL8,1
71,0,036P,036P_00.00.00.000_Przenosnik_lancuchowy,DIN_985_M8_Zn_KL.8,DIN_985_M8_Zn_KL.8,1
72,0,036P,036P_00.00.00.000_Przenosnik_lancuchowy,DIN_125_M16_Zn_HV200,DIN_125_M16_Zn_HV200,1
73,0,036P,036P_00.00.00.000_Przenosnik_lancuchowy,539926 SBN-50_63---(0LB),539926 SBN-50_63---(0LB),1
74,0,036P,036P_00.00.00.000_Przenosnik_lancuchowy,DIN_125_M8_Zn_HV200,DIN_125_M8_Zn_HV200,1
75,0,036P,036P_00.00.00.000_Przenosnik_lancuchowy,539926 SBN-50_63---(0LB),539926 SBN-50_63---(0LB),1
76,0,036P,036P_00.00.00.000_Przenosnik_lancuchowy,DIN_125_M16_Zn_HV200,DIN_125_M16_Zn_HV200,1
77,0,036P,036P_00.00.00.000_Przenosnik_lancuchowy,DIN_125_M8_Zn_HV200,DIN_125_M8_Zn_HV200,1
78,0,036P,036P_00.00.00.000_Przenosnik_lancuchowy,DIN_125_M8_Zn_HV200,DIN_125_M8_Zn_HV200,1
79,0,036P,036P_00.00.00.000_Przenosnik_lancuchowy,DIN_912_M8x25_Zn_KL8.8,DIN_912_M8x25_Zn_KL8.8,1
80,1,036P,036P_00.00.00.000_Przenosnik_lancuchowy,"Glowica_przegubowa_9263 SGS-M16x1,5","Glowica_przegubowa_9263 SGS-M16x1,5",1
81,0,036P,036P_00.00.00.000_Przenosnik_lancuchowy,"036P_01.00.00.006_Tulejka_21,3x2,6x14","036P_01.00.00.006_Tulejka_21,3x2,6x14",1
82,0,036P,036P_00.00.00.000_Przenosnik_lancuchowy,Zawor_dlawiaco-zwrotny_GRLA-1_4-QS-8-D,Zawor_dlawiaco-zwrotny_GRLA-1_4-QS-8-D,1
83,0,036P,036P_00.00.00.000_Przenosnik_lancuchowy,"036P_01.00.00.006_Tulejka_21,3x2,6x14","036P_01.00.00.006_Tulejka_21,3x2,6x14",1
84,0,036P,036P_00.00.00.000_Przenosnik_lancuchowy,DIN_125_M16_Zn_HV200,DIN_125_M16_Zn_HV200,1
85,0,036P,036P_00.00.00.000_Przenosnik_lancuchowy,DIN_125_M16_Zn_HV200,DIN_125_M16_Zn_HV200,1
86,0,036P,036P_00.00.00.000_Przenosnik_lancuchowy,DIN_125_M8_Zn_HV200,DIN_125_M8_Zn_HV200,1
87,0,036P,036P_00.00.00.000_Przenosnik_lancuchowy,DIN_985_M16_Zn_KL8,DIN_985_M16_Zn_KL8,1
88,0,036P,036P_00.00.00.000_Przenosnik_lancuchowy,DIN_985_M8_Zn_KL.8,DIN_985_M8_Zn_KL.8,1
89,0,036P,036P_00.00.00.000_Przenosnik_lancuchowy,DIN_985_M8_Zn_KL.8,DIN_985_M8_Zn_KL.8,1
90,0,036P,036P_00.00.00.000_Przenosnik_lancuchowy,DIN_125_M8_Zn_HV200,DIN_125_M8_Zn_HV200,1
91,0,036P,036P_00.00.00.000_Przenosnik_lancuchowy,DIN_985_M8_Zn_KL.8,DIN_985_M8_Zn_KL.8,1
92,0,036P,036P_00.00.00.000_Przenosnik_lancuchowy,DIN_125_M8_Zn_HV200,DIN_125_M8_Zn_HV200,1
93,0,036P,036P_00.00.00.000_Przenosnik_lancuchowy,DIN_985_M8_Zn_KL.8,DIN_985_M8_Zn_KL.8,1
94,0,036P,036P_00.00.00.000_Przenosnik_lancuchowy,DIN_125_M8_Zn_HV200,DIN_125_M8_Zn_HV200,1
95,0,036P,036P_00.00.00.000_Przenosnik_lancuchowy,DIN_912_M8x25_Zn_KL8.8,DIN_912_M8x25_Zn_KL8.8,1
96,0,036P,036P_00.00.00.000_Przenosnik_lancuchowy,DIN_912_M8x25_Zn_KL8.8,DIN_912_M8x25_Zn_KL8.8,1
97,0,036P,036P_00.00.00.000_Przenosnik_lancuchowy,DIN_912_M8x25_Zn_KL8.8,DIN_912_M8x25_Zn_KL8.8,1
98,1,036P,036P_00.00.00.000_Przenosnik_lancuchowy,Silownik_DSNU-50-125-P-A,Silownik_DSNU-50-125-P-A,1
99,0,036P,036P_00.00.00.000_Przenosnik_lancuchowy,DIN_912_M8x25_Zn_KL8.8,DIN_912_M8x25_Zn_KL8.8,1
100,0,036P,036P_00.00.00.000_Przenosnik_lancuchowy,"036P_01.00.00.006_Tulejka_21,3x2,6x14","036P_01.00.00.006_Tulejka_21,3x2,6x14",1
101,0,036P,036P_00.00.00.000_Przenosnik_lancuchowy,"036P_01.00.00.006_Tulejka_21,3x2,6x14","036P_01.00.00.006_Tulejka_21,3x2,6x14",1
102,0,036P,036P_00.00.00.000_Przenosnik_lancuchowy,DIN_125_M16_Zn_HV200,DIN_125_M16_Zn_HV200,1
103,0,036P,036P_00.00.00.000_Przenosnik_lancuchowy,"036P_01.00.00.006_Tulejka_21,3x2,6x14","036P_01.00.00.006_Tulejka_21,3x2,6x14",1
104,0,036P,036P_00.00.00.000_Przenosnik_lancuchowy,"036P_01.00.00.006_Tulejka_21,3x2,6x14","036P_01.00.00.006_Tulejka_21,3x2,6x14",1
105,0,036P,036P_00.00.00.000_Przenosnik_lancuchowy,DIN_931_M16x100_Zn_KL8.8,DIN_931_M16x100_Zn_KL8.8,1
106,0,036P,036P_00.00.00.000_Przenosnik_lancuchowy,DIN_985_M8_Zn_KL.8,DIN_985_M8_Zn_KL.8,1
107,0,036P,036P_00.00.00.000_Przenosnik_lancuchowy,DIN_125_M8_Zn_HV200,DIN_125_M8_Zn_HV200,1
108,1,036P,036P_00.00.00.000_Przenosnik_lancuchowy,036P_05.00.00.000_Wal_podnoszacy,036P_05.00.00.000_Wal_podnoszacy,1
109,1,036P,036P_00.00.00.000_Przenosnik_lancuchowy,"Glowica_przegubowa_9263 SGS-M16x1,5","Glowica_przegubowa_9263 SGS-M16x1,5",1
110,1,036P,036P_00.00.00.000_Przenosnik_lancuchowy,Silownik_DSNU-50-125-P-A,Silownik_DSNU-50-125-P-A,1
111,0,036P,036P_00.00.00.000_Przenosnik_lancuchowy,683677 SBN-50_63---(R),683677 SBN-50_63---(R),1
112,1,036P,036P_00.00.00.000_Przenosnik_lancuchowy,036P_03.00.00.000_Oprawa_dzielona_fi30,036P_03.00.00.000_Oprawa_dzielona_fi30,1
113,0,036P,036P_00.00.00.000_Przenosnik_lancuchowy,539926 SBN-50_63---(0LB),539926 SBN-50_63---(0LB),1
114,0,036P,036P_00.00.00.000_Przenosnik_lancuchowy,DIN_933_M10x90_Zn_KL8.8,DIN_933_M10x90_Zn_KL8.8,1
115,0,036P,036P_00.00.00.000_Przenosnik_lancuchowy,Zawor_dlawiaco-zwrotny_GRLA-1_4-QS-8-D,Zawor_dlawiaco-zwrotny_GRLA-1_4-QS-8-D,1
116,0,036P,036P_00.00.00.000_Przenosnik_lancuchowy,DIN_912_M8x25_Zn_KL8.8,DIN_912_M8x25_Zn_KL8.8,1
117,0,036P,036P_00.00.00.000_Przenosnik_lancuchowy,DIN_985_M8_Zn_KL.8,DIN_985_M8_Zn_KL.8,1
118,0,036P,036P_00.00.00.000_Przenosnik_lancuchowy,DIN_125_M8_Zn_HV200,DIN_125_M8_Zn_HV200,1
119,0,036P,036P_00.00.00.000_Przenosnik_lancuchowy,DIN_912_M8x25_Zn_KL8.8,DIN_912_M8x25_Zn_KL8.8,1
120,0,036P,036P_00.00.00.000_Przenosnik_lancuchowy,DIN_985_M8_Zn_KL.8,DIN_985_M8_Zn_KL.8,1
121,0,036P,036P_00.00.00.000_Przenosnik_lancuchowy,DIN_125_M8_Zn_HV200,DIN_125_M8_Zn_HV200,1
122,0,036P,036P_00.00.00.000_Przenosnik_lancuchowy,DIN_912_M8x25_Zn_KL8.8,DIN_912_M8x25_Zn_KL8.8,1
123,0,036P,036P_00.00.00.000_Przenosnik_lancuchowy,DIN_985_M8_Zn_KL.8,DIN_985_M8_Zn_KL.8,1
124,0,036P,036P_00.00.00.000_Przenosnik_lancuchowy,036P_00.00.00.001_Wal_napedowy,036P_00.00.00.001_Wal_napedowy,1
125,0,036P,036P_00.00.00.000_Przenosnik_lancuchowy,DIN_125_M8_Zn_HV200,DIN_125_M8_Zn_HV200,1
126,0,036P,036P_00.00.00.000_Przenosnik_lancuchowy,DIN_912_M8x25_Zn_KL8.8,DIN_912_M8x25_Zn_KL8.8,1
127,0,036P,036P_00.00.00.000_Przenosnik_lancuchowy,036P_00.00.00.001_Wal_napedowy,036P_00.00.00.001_Wal_napedowy,1
128,1,036P,036P_00.00.00.000_Przenosnik_lancuchowy,036P_03.00.00.000_Oprawa_dzielona_fi30,036P_03.00.00.000_Oprawa_dzielona_fi30,1
129,0,036P,036P_00.00.00.000_Przenosnik_lancuchowy,"036P_01.00.00.006_Tulejka_21,3x2,6x14","036P_01.00.00.006_Tulejka_21,3x2,6x14",1
130,0,036P,036P_00.00.00.000_Przenosnik_lancuchowy,"036P_01.00.00.006_Tulejka_21,3x2,6x14","036P_01.00.00.006_Tulejka_21,3x2,6x14",1
131,0,036P,036P_00.00.00.000_Przenosnik_lancuchowy,DIN_934_M10_Zn_KL8,DIN_934_M10_Zn_KL8,1
132,1,036P,036P_00.00.00.000_Przenosnik_lancuchowy,036P_01.00.00.000_Modul_lancuchowy_podnoszony,036P_01.00.00.000_Modul_lancuchowy_podnoszony,1
133,1,036P,036P_00.00.00.000_Przenosnik_lancuchowy,036P_01.00.00.000_Modul_lancuchowy_podnoszony,036P_01.00.00.000_Modul_lancuchowy_podnoszony,1
134,1,036P,036P_00.00.00.000_Przenosnik_lancuchowy,036P_01.00.00.000_Modul_lancuchowy_podnoszony,036P_01.00.00.000_Modul_lancuchowy_podnoszony,1
135,1,036P,036P_00.00.00.000_Przenosnik_lancuchowy,036P_01.00.00.000_Modul_lancuchowy_podnoszony,036P_01.00.00.000_Modul_lancuchowy_podnoszony,1
136,1,036P,036P_00.00.00.000_Przenosnik_lancuchowy,036P_01.00.00.000_Modul_lancuchowy_podnoszony,036P_01.00.00.000_Modul_lancuchowy_podnoszony,1
137,1,036P,036P_00.00.00.000_Przenosnik_lancuchowy,036P_06.00.00.000_Cieglo,036P_06.00.00.000_Cieglo,1
138,1,036P,036P_00.00.00.000_Przenosnik_lancuchowy,036P_06.00.00.000_Cieglo,036P_06.00.00.000_Cieglo,1
139,1,036P,036P_00.00.00.000_Przenosnik_lancuchowy,036P_06.00.00.000_Cieglo,036P_06.00.00.000_Cieglo,1
140,1,036P,036P_00.00.00.000_Przenosnik_lancuchowy,036P_06.00.00.000_Cieglo,036P_06.00.00.000_Cieglo,1
141,1,036P,036P_00.00.00.000_Przenosnik_lancuchowy,036P_06.00.00.000_Cieglo,036P_06.00.00.000_Cieglo,1
142,1,036P,036P_00.00.00.000_Przenosnik_lancuchowy,036P_06.00.00.000_Cieglo,036P_06.00.00.000_Cieglo,1
143,1,036P,036P_00.00.00.000_Przenosnik_lancuchowy,036P_06.00.00.000_Cieglo,036P_06.00.00.000_Cieglo,1
144,0,036P,036P_00.00.00.000_Przenosnik_lancuchowy,DIN_931_M16x100_Zn_KL8.8,DIN_931_M16x100_Zn_KL8.8,1
145,0,036P,036P_00.00.00.000_Przenosnik_lancuchowy,DIN_931_M16x100_Zn_KL8.8,DIN_931_M16x100_Zn_KL8.8,1
146,0,036P,036P_00.00.00.000_Przenosnik_lancuchowy,DIN_931_M16x100_Zn_KL8.8,DIN_931_M16x100_Zn_KL8.8,1
147,0,036P,036P_00.00.00.000_Przenosnik_lancuchowy,DIN_931_M16x100_Zn_KL8.8,DIN_931_M16x100_Zn_KL8.8,1
148,0,036P,036P_00.00.00.000_Przenosnik_lancuchowy,DIN_931_M16x100_Zn_KL8.8,DIN_931_M16x100_Zn_KL8.8,1
149,0,036P,036P_00.00.00.000_Przenosnik_lancuchowy,DIN_931_M16x100_Zn_KL8.8,DIN_931_M16x100_Zn_KL8.8,1
150,0,036P,036P_00.00.00.000_Przenosnik_lancuchowy,DIN_931_M16x100_Zn_KL8.8,DIN_931_M16x100_Zn_KL8.8,1
151,0,036P,036P_00.00.00.000_Przenosnik_lancuchowy,DIN_125_M16_Zn_HV200,DIN_125_M16_Zn_HV200,1
152,0,036P,036P_00.00.00.000_Przenosnik_lancuchowy,DIN_125_M16_Zn_HV200,DIN_125_M16_Zn_HV200,1
153,0,036P,036P_00.00.00.000_Przenosnik_lancuchowy,DIN_125_M16_Zn_HV200,DIN_125_M16_Zn_HV200,1
154,0,036P,036P_00.00.00.000_Przenosnik_lancuchowy,DIN_125_M16_Zn_HV200,DIN_125_M16_Zn_HV200,1
155,0,036P,036P_00.00.00.000_Przenosnik_lancuchowy,DIN_125_M16_Zn_HV200,DIN_125_M16_Zn_HV200,1
156,0,036P,036P_00.00.00.000_Przenosnik_lancuchowy,DIN_125_M16_Zn_HV200,DIN_125_M16_Zn_HV200,1
157,0,036P,036P_00.00.00.000_Przenosnik_lancuchowy,DIN_125_M16_Zn_HV200,DIN_125_M16_Zn_HV200,1
158,0,036P,036P_00.00.00.000_Przenosnik_lancuchowy,"036P_01.00.00.006_Tulejka_21,3x2,6x14","036P_01.00.00.006_Tulejka_21,3x2,6x14",1
159,0,036P,036P_00.00.00.000_Przenosnik_lancuchowy,"036P_01.00.00.006_Tulejka_21,3x2,6x14","036P_01.00.00.006_Tulejka_21,3x2,6x14",1
160,0,036P,036P_00.00.00.000_Przenosnik_lancuchowy,"036P_01.00.00.006_Tulejka_21,3x2,6x14","036P_01.00.00.006_Tulejka_21,3x2,6x14",1
161,0,036P,036P_00.00.00.000_Przenosnik_lancuchowy,"036P_01.00.00.006_Tulejka_21,3x2,6x14","036P_01.00.00.006_Tulejka_21,3x2,6x14",1
162,0,036P,036P_00.00.00.000_Przenosnik_lancuchowy,"036P_01.00.00.006_Tulejka_21,3x2,6x14","036P_01.00.00.006_Tulejka_21,3x2,6x14",1
163,0,036P,036P_00.00.00.000_Przenosnik_lancuchowy,"036P_01.00.00.006_Tulejka_21,3x2,6x14","036P_01.00.00.006_Tulejka_21,3x2,6x14",1
164,0,036P,036P_00.00.00.000_Przenosnik_lancuchowy,"036P_01.00.00.006_Tulejka_21,3x2,6x14","036P_01.00.00.006_Tulejka_21,3x2,6x14",1
165,0,036P,036P_00.00.00.000_Przenosnik_lancuchowy,"036P_01.00.00.006_Tulejka_21,3x2,6x14","036P_01.00.00.006_Tulejka_21,3x2,6x14",1
166,0,036P,036P_00.00.00.000_Przenosnik_lancuchowy,"036P_01.00.00.006_Tulejka_21,3x2,6x14","036P_01.00.00.006_Tulejka_21,3x2,6x14",1
167,0,036P,036P_00.00.00.000_Przenosnik_lancuchowy,"036P_01.00.00.006_Tulejka_21,3x2,6x14","036P_01.00.00.006_Tulejka_21,3x2,6x14",1
168,0,036P,036P_00.00.00.000_Przenosnik_lancuchowy,"036P_01.00.00.006_Tulejka_21,3x2,6x14","036P_01.00.00.006_Tulejka_21,3x2,6x14",1
169,0,036P,036P_00.00.00.000_Przenosnik_lancuchowy,"036P_01.00.00.006_Tulejka_21,3x2,6x14","036P_01.00.00.006_Tulejka_21,3x2,6x14",1
170,0,036P,036P_00.00.00.000_Przenosnik_lancuchowy,"036P_01.00.00.006_Tulejka_21,3x2,6x14","036P_01.00.00.006_Tulejka_21,3x2,6x14",1
171,0,036P,036P_00.00.00.000_Przenosnik_lancuchowy,"036P_01.00.00.006_Tulejka_21,3x2,6x14","036P_01.00.00.006_Tulejka_21,3x2,6x14",1
172,0,036P,036P_00.00.00.000_Przenosnik_lancuchowy,DIN_125_M16_Zn_HV200,DIN_125_M16_Zn_HV200,1
173,0,036P,036P_00.00.00.000_Przenosnik_lancuchowy,DIN_125_M16_Zn_HV200,DIN_125_M16_Zn_HV200,1
174,0,036P,036P_00.00.00.000_Przenosnik_lancuchowy,DIN_125_M16_Zn_HV200,DIN_125_M16_Zn_HV200,1
175,0,036P,036P_00.00.00.000_Przenosnik_lancuchowy,DIN_125_M16_Zn_HV200,DIN_125_M16_Zn_HV200,1
176,0,036P,036P_00.00.00.000_Przenosnik_lancuchowy,DIN_125_M16_Zn_HV200,DIN_125_M16_Zn_HV200,1
177,0,036P,036P_00.00.00.000_Przenosnik_lancuchowy,DIN_125_M16_Zn_HV200,DIN_125_M16_Zn_HV200,1
178,0,036P,036P_00.00.00.000_Przenosnik_lancuchowy,DIN_125_M16_Zn_HV200,DIN_125_M16_Zn_HV200,1
179,0,036P,036P_00.00.00.000_Przenosnik_lancuchowy,DIN_985_M16_Zn_KL8,DIN_985_M16_Zn_KL8,1
180,0,036P,036P_00.00.00.000_Przenosnik_lancuchowy,DIN_985_M16_Zn_KL8,DIN_985_M16_Zn_KL8,1
181,0,036P,036P_00.00.00.000_Przenosnik_lancuchowy,DIN_985_M16_Zn_KL8,DIN_985_M16_Zn_KL8,1
182,0,036P,036P_00.00.00.000_Przenosnik_lancuchowy,DIN_985_M16_Zn_KL8,DIN_985_M16_Zn_KL8,1
183,0,036P,036P_00.00.00.000_Przenosnik_lancuchowy,DIN_985_M16_Zn_KL8,DIN_985_M16_Zn_KL8,1
184,0,036P,036P_00.00.00.000_Przenosnik_lancuchowy,DIN_985_M16_Zn_KL8,DIN_985_M16_Zn_KL8,1
185,0,036P,036P_00.00.00.000_Przenosnik_lancuchowy,DIN_985_M16_Zn_KL8,DIN_985_M16_Zn_KL8,1
186,1,036P,036P_00.00.00.000_Przenosnik_lancuchowy,"036P_07.00.00.000_Lancuch_12B-2x34_647,7","036P_07.00.00.000_Lancuch_12B-2x34_647,7",1
187,0,036P,036P_00.00.00.000_Przenosnik_lancuchowy,683677 SBN-50_63---(R),683677 SBN-50_63---(R),1
188,0,036P,036P_00.00.00.000_Przenosnik_lancuchowy,DIN_933_M8x30_Zn_KL8.8,DIN_933_M8x30_Zn_KL8.8,1
189,0,036P,036P_00.00.00.000_Przenosnik_lancuchowy,DIN_9021_M8_Zn_HV200,DIN_9021_M8_Zn_HV200,1
190,0,036P,036P_00.00.00.000_Przenosnik_lancuchowy,DIN_125_M8_Zn_HV200,DIN_125_M8_Zn_HV200,1
191,0,036P,036P_00.00.00.000_Przenosnik_lancuchowy,DIN_127_M8_Zn_HV200,DIN_127_M8_Zn_HV200,1
192,0,036P,036P_00.00.00.000_Przenosnik_lancuchowy,DIN_934_M8_Zn_KL8,DIN_934_M8_Zn_KL8,1
193,0,036P,036P_00.00.00.000_Przenosnik_lancuchowy,DIN_933_M8x30_Zn_KL8.8,DIN_933_M8x30_Zn_KL8.8,1
194,0,036P,036P_00.00.00.000_Przenosnik_lancuchowy,DIN_9021_M8_Zn_HV200,DIN_9021_M8_Zn_HV200,1
195,0,036P,036P_00.00.00.000_Przenosnik_lancuchowy,DIN_125_M8_Zn_HV200,DIN_125_M8_Zn_HV200,1
196,0,036P,036P_00.00.00.000_Przenosnik_lancuchowy,DIN_127_M8_Zn_HV200,DIN_127_M8_Zn_HV200,1
197,0,036P,036P_00.00.00.000_Przenosnik_lancuchowy,DIN_934_M8_Zn_KL8,DIN_934_M8_Zn_KL8,1
198,0,036P,036P_00.00.00.000_Przenosnik_lancuchowy,DIN_933_M8x30_Zn_KL8.8,DIN_933_M8x30_Zn_KL8.8,1
199,0,036P,036P_00.00.00.000_Przenosnik_lancuchowy,DIN_9021_M8_Zn_HV200,DIN_9021_M8_Zn_HV200,1
200,0,036P,036P_00.00.00.000_Przenosnik_lancuchowy,DIN_125_M8_Zn_HV200,DIN_125_M8_Zn_HV200,1
201,0,036P,036P_00.00.00.000_Przenosnik_lancuchowy,DIN_127_M8_Zn_HV200,DIN_127_M8_Zn_HV200,1
202,0,036P,036P_00.00.00.000_Przenosnik_lancuchowy,DIN_934_M8_Zn_KL8,DIN_934_M8_Zn_KL8,1
203,1,036P,036P_00.00.00.000_Przenosnik_lancuchowy,Sprzeglo_GE-T 28-38_SG__d1=35__d2=35,Sprzeglo_GE-T 28-38_SG__d1=35__d2=35,1
204,0,036P,036P_00.00.00.000_Przenosnik_lancuchowy,Zaslepka_80x80_wew_RAL9005,Zaslepka_80x80_wew_RAL9005,1
205,0,036P,036P_00.00.00.000_Przenosnik_lancuchowy,Zaslepka_80x80_wew_RAL9005,Zaslepka_80x80_wew_RAL9005,1
206,1,036P,036P_02.00.00.000_Modul_lancuchowy_staly,036P_02.01.00.000_Rama_modulu,036P_02.01.00.000_Rama_modulu,1
207,1,036P,036P_02.00.00.000_Modul_lancuchowy_staly,032P_01.03.00.000_Stopka_M16x150,032P_01.03.00.000_Stopka_M16x150,1
208,0,036P,036P_02.00.00.000_Modul_lancuchowy_staly,DIN_985_M20_Zn_KL8,DIN_985_M20_Zn_KL8,1
209,1,036P,036P_02.00.00.000_Modul_lancuchowy_staly,032P_01.03.00.000_Stopka_M16x150,032P_01.03.00.000_Stopka_M16x150,1
210,0,036P,036P_02.00.00.000_Modul_lancuchowy_staly,DIN_125_M20_Zn_HV200,DIN_125_M20_Zn_HV200,1
211,0,036P,036P_02.00.00.000_Modul_lancuchowy_staly,DIN_125_M16_Zn_HV200,DIN_125_M16_Zn_HV200,1
212,1,036P,036P_02.00.00.000_Modul_lancuchowy_staly,036P_02.02.00.00_Lancuch_12B-1RDx80_1524,036P_02.02.00.00_Lancuch_12B-1RDx80_1524,1
213,0,036P,036P_02.00.00.000_Modul_lancuchowy_staly,DIN_125_M16_Zn_HV200,DIN_125_M16_Zn_HV200,1
214,0,036P,036P_02.00.00.000_Modul_lancuchowy_staly,DIN_125_M16_Zn_HV200,DIN_125_M16_Zn_HV200,1
215,0,036P,036P_02.00.00.000_Modul_lancuchowy_staly,DIN_125_M16_Zn_HV200,DIN_125_M16_Zn_HV200,1
216,0,036P,036P_02.00.00.000_Modul_lancuchowy_staly,DIN_933_M20x70_Zn_KL8.8,DIN_933_M20x70_Zn_KL8.8,1
217,0,036P,036P_02.00.00.000_Modul_lancuchowy_staly,DIN_934_M16_Zn_KL8,DIN_934_M16_Zn_KL8,1
218,0,036P,036P_02.00.00.000_Modul_lancuchowy_staly,DIN_934_M16_Zn_KL8,DIN_934_M16_Zn_KL8,1
219,0,036P,036P_02.00.00.000_Modul_lancuchowy_staly,DIN_934_M16_Zn_KL8,DIN_934_M16_Zn_KL8,1
220,0,036P,036P_02.00.00.000_Modul_lancuchowy_staly,DIN_934_M16_Zn_KL8,DIN_934_M16_Zn_KL8,1
221,0,036P,036P_02.00.00.000_Modul_lancuchowy_staly,DIN_934_M10_Zn_KL8,DIN_934_M10_Zn_KL8,1
222,0,036P,036P_02.00.00.000_Modul_lancuchowy_staly,DIN_9021_M10_Zn_HV200,DIN_9021_M10_Zn_HV200,1
223,1,036P,036P_02.00.00.000_Modul_lancuchowy_staly,032P_01.03.00.000_Stopka_M16x150,032P_01.03.00.000_Stopka_M16x150,1
224,1,036P,036P_02.00.00.000_Modul_lancuchowy_staly,032P_01.03.00.000_Stopka_M16x150,032P_01.03.00.000_Stopka_M16x150,1
225,0,036P,036P_02.00.00.000_Modul_lancuchowy_staly,DIN_125_M16_Zn_HV200,DIN_125_M16_Zn_HV200,1
226,0,036P,036P_02.00.00.000_Modul_lancuchowy_staly,DIN_125_M16_Zn_HV200,DIN_125_M16_Zn_HV200,1
227,0,036P,036P_02.00.00.000_Modul_lancuchowy_staly,DIN_125_M16_Zn_HV200,DIN_125_M16_Zn_HV200,1
228,0,036P,036P_02.00.00.000_Modul_lancuchowy_staly,DIN_125_M16_Zn_HV200,DIN_125_M16_Zn_HV200,1
229,0,036P,036P_02.00.00.000_Modul_lancuchowy_staly,DIN_934_M16_Zn_KL8,DIN_934_M16_Zn_KL8,1
230,0,036P,036P_02.00.00.000_Modul_lancuchowy_staly,DIN_934_M16_Zn_KL8,DIN_934_M16_Zn_KL8,1
231,0,036P,036P_02.00.00.000_Modul_lancuchowy_staly,DIN_934_M16_Zn_KL8,DIN_934_M16_Zn_KL8,1
232,0,036P,036P_02.00.00.000_Modul_lancuchowy_staly,DIN_934_M16_Zn_KL8,DIN_934_M16_Zn_KL8,1
233,1,036P,036P_02.00.00.000_Modul_lancuchowy_staly,032P_01.03.00.000_Stopka_M16x150,032P_01.03.00.000_Stopka_M16x150,1
234,1,036P,036P_02.00.00.000_Modul_lancuchowy_staly,032P_01.03.00.000_Stopka_M16x150,032P_01.03.00.000_Stopka_M16x150,1
235,0,036P,036P_02.00.00.000_Modul_lancuchowy_staly,DIN_125_M16_Zn_HV200,DIN_125_M16_Zn_HV200,1
236,0,036P,036P_02.00.00.000_Modul_lancuchowy_staly,DIN_125_M16_Zn_HV200,DIN_125_M16_Zn_HV200,1
237,0,036P,036P_02.00.00.000_Modul_lancuchowy_staly,DIN_125_M16_Zn_HV200,DIN_125_M16_Zn_HV200,1
238,0,036P,036P_02.00.00.000_Modul_lancuchowy_staly,DIN_125_M16_Zn_HV200,DIN_125_M16_Zn_HV200,1
239,0,036P,036P_02.00.00.000_Modul_lancuchowy_staly,DIN_934_M16_Zn_KL8,DIN_934_M16_Zn_KL8,1
240,0,036P,036P_02.00.00.000_Modul_lancuchowy_staly,DIN_934_M16_Zn_KL8,DIN_934_M16_Zn_KL8,1
241,0,036P,036P_02.00.00.000_Modul_lancuchowy_staly,DIN_934_M16_Zn_KL8,DIN_934_M16_Zn_KL8,1
242,0,036P,036P_02.00.00.000_Modul_lancuchowy_staly,DIN_934_M16_Zn_KL8,DIN_934_M16_Zn_KL8,1
243,1,036P,036P_02.00.00.000_Modul_lancuchowy_staly,032P_01.03.00.000_Stopka_M16x150,032P_01.03.00.000_Stopka_M16x150,1
244,1,036P,036P_02.00.00.000_Modul_lancuchowy_staly,032P_01.03.00.000_Stopka_M16x150,032P_01.03.00.000_Stopka_M16x150,1
245,0,036P,036P_02.00.00.000_Modul_lancuchowy_staly,DIN_125_M16_Zn_HV200,DIN_125_M16_Zn_HV200,1
246,0,036P,036P_02.00.00.000_Modul_lancuchowy_staly,DIN_125_M16_Zn_HV200,DIN_125_M16_Zn_HV200,1
247,0,036P,036P_02.00.00.000_Modul_lancuchowy_staly,DIN_125_M16_Zn_HV200,DIN_125_M16_Zn_HV200,1
248,0,036P,036P_02.00.00.000_Modul_lancuchowy_staly,DIN_125_M16_Zn_HV200,DIN_125_M16_Zn_HV200,1
249,0,036P,036P_02.00.00.000_Modul_lancuchowy_staly,DIN_934_M16_Zn_KL8,DIN_934_M16_Zn_KL8,1
250,0,036P,036P_02.00.00.000_Modul_lancuchowy_staly,DIN_934_M16_Zn_KL8,DIN_934_M16_Zn_KL8,1
251,0,036P,036P_02.00.00.000_Modul_lancuchowy_staly,DIN_934_M16_Zn_KL8,DIN_934_M16_Zn_KL8,1
252,0,036P,036P_02.00.00.000_Modul_lancuchowy_staly,DIN_934_M16_Zn_KL8,DIN_934_M16_Zn_KL8,1
253,1,036P,036P_02.00.00.000_Modul_lancuchowy_staly,032P_01.03.00.000_Stopka_M16x150,032P_01.03.00.000_Stopka_M16x150,1
254,1,036P,036P_02.00.00.000_Modul_lancuchowy_staly,032P_01.03.00.000_Stopka_M16x150,032P_01.03.00.000_Stopka_M16x150,1
255,0,036P,036P_02.00.00.000_Modul_lancuchowy_staly,DIN_125_M16_Zn_HV200,DIN_125_M16_Zn_HV200,1
256,0,036P,036P_02.00.00.000_Modul_lancuchowy_staly,DIN_125_M16_Zn_HV200,DIN_125_M16_Zn_HV200,1
257,0,036P,036P_02.00.00.000_Modul_lancuchowy_staly,DIN_125_M16_Zn_HV200,DIN_125_M16_Zn_HV200,1
258,0,036P,036P_02.00.00.000_Modul_lancuchowy_staly,DIN_125_M16_Zn_HV200,DIN_125_M16_Zn_HV200,1
259,0,036P,036P_02.00.00.000_Modul_lancuchowy_staly,DIN_934_M16_Zn_KL8,DIN_934_M16_Zn_KL8,1
260,0,036P,036P_02.00.00.000_Modul_lancuchowy_staly,DIN_934_M16_Zn_KL8,DIN_934_M16_Zn_KL8,1
261,0,036P,036P_02.00.00.000_Modul_lancuchowy_staly,DIN_934_M16_Zn_KL8,DIN_934_M16_Zn_KL8,1
262,0,036P,036P_02.00.00.000_Modul_lancuchowy_staly,DIN_934_M16_Zn_KL8,DIN_934_M16_Zn_KL8,1
263,0,036P,036P_02.00.00.000_Modul_lancuchowy_staly,Zespol_lozyskowy_UCFL_207,Zespol_lozyskowy_UCFL_207,1
264,0,036P,036P_02.00.00.000_Modul_lancuchowy_staly,DIN_7984_M5x16_Zn_KL8.8,DIN_7984_M5x16_Zn_KL8.8,1
265,0,036P,036P_02.00.00.000_Modul_lancuchowy_staly,Podkladka_Schnorr_S5_Zn,Podkladka_Schnorr_S5_Zn,1
266,0,036P,036P_02.00.00.000_Modul_lancuchowy_staly,DIN_9021_M10_Zn_HV200,DIN_9021_M10_Zn_HV200,1
267,0,036P,036P_02.00.00.000_Modul_lancuchowy_staly,DIN_7984_M5x16_Zn_KL8.8,DIN_7984_M5x16_Zn_KL8.8,1
268,0,036P,036P_02.00.00.000_Modul_lancuchowy_staly,Podkladka_Schnorr_S5_Zn,Podkladka_Schnorr_S5_Zn,1
269,0,036P,036P_02.00.00.000_Modul_lancuchowy_staly,DIN_7984_M5x16_Zn_KL8.8,DIN_7984_M5x16_Zn_KL8.8,1
270,0,036P,036P_02.00.00.000_Modul_lancuchowy_staly,Podkladka_Schnorr_S5_Zn,Podkladka_Schnorr_S5_Zn,1
271,0,036P,036P_02.00.00.000_Modul_lancuchowy_staly,Zespol_lozyskowy_UCFL_207,Zespol_lozyskowy_UCFL_207,1
272,0,036P,036P_02.00.00.000_Modul_lancuchowy_staly,036P_01.00.00.002_Sruba_M10_spec,036P_01.00.00.002_Sruba_M10_spec,1
273,0,036P,036P_02.00.00.000_Modul_lancuchowy_staly,DIN_933_M10x30_Zn_KL8.8,DIN_933_M10x30_Zn_KL8.8,1
274,0,036P,036P_02.00.00.000_Modul_lancuchowy_staly,DIN_933_M10x30_Zn_KL8.8,DIN_933_M10x30_Zn_KL8.8,1
275,0,036P,036P_02.00.00.000_Modul_lancuchowy_staly,DIN_933_M10x30_Zn_KL8.8,DIN_933_M10x30_Zn_KL8.8,1
276,0,036P,036P_02.00.00.000_Modul_lancuchowy_staly,DIN_933_M10x30_Zn_KL8.8,DIN_933_M10x30_Zn_KL8.8,1
277,0,036P,036P_02.00.00.000_Modul_lancuchowy_staly,036P_01.00.00.005_Tulejka_16x10x13,036P_01.00.00.005_Tulejka_16x10x13,1
278,0,036P,036P_02.00.00.000_Modul_lancuchowy_staly,036P_01.00.00.005_Tulejka_16x10x13,036P_01.00.00.005_Tulejka_16x10x13,1
279,0,036P,036P_02.00.00.000_Modul_lancuchowy_staly,036P_01.00.00.005_Tulejka_16x10x13,036P_01.00.00.005_Tulejka_16x10x13,1
280,0,036P,036P_02.00.00.000_Modul_lancuchowy_staly,036P_01.00.00.005_Tulejka_16x10x13,036P_01.00.00.005_Tulejka_16x10x13,1
281,0,036P,036P_02.00.00.000_Modul_lancuchowy_staly,036P_02.00.00.001_Prowadnica_lancuchowa_12B-1_H15_DIN8187,036P_02.00.00.001_Prowadnica_lancuchowa_12B-1_H15_DIN8187,1
282,0,036P,036P_02.00.00.000_Modul_lancuchowy_staly,DIN_127_M10_Zn_HV200,DIN_127_M10_Zn_HV200,1
283,0,036P,036P_02.00.00.000_Modul_lancuchowy_staly,DIN_127_M10_Zn_HV200,DIN_127_M10_Zn_HV200,1
284,0,036P,036P_02.00.00.000_Modul_lancuchowy_staly,DIN_127_M10_Zn_HV200,DIN_127_M10_Zn_HV200,1
285,0,036P,036P_02.00.00.000_Modul_lancuchowy_staly,036P_01.00.00.003_Kolo_lancuchowe_z_piasta_12B-1_z22,036P_01.00.00.003_Kolo_lancuchowe_z_piasta_12B-1_z22,1
286,0,036P,036P_02.00.00.000_Modul_lancuchowy_staly,DIN_127_M10_Zn_HV200,DIN_127_M10_Zn_HV200,1
287,0,036P,036P_02.00.00.000_Modul_lancuchowy_staly,DIN_9021_M20_Zn_HV200,DIN_9021_M20_Zn_HV200,1
288,0,036P,036P_02.00.00.000_Modul_lancuchowy_staly,DIN_9021_M10_Zn_HV200,DIN_9021_M10_Zn_HV200,1
289,0,036P,036P_02.00.00.000_Modul_lancuchowy_staly,036P_01.00.00.001_Kolo_gladkie_12B-1,036P_01.00.00.001_Kolo_gladkie_12B-1,1
290,0,036P,036P_02.00.00.000_Modul_lancuchowy_staly,DIN_9021_M10_Zn_HV200,DIN_9021_M10_Zn_HV200,1
291,0,036P,036P_02.00.00.000_Modul_lancuchowy_staly,DIN_9021_M10_Zn_HV200,DIN_9021_M10_Zn_HV200,1
292,0,036P,036P_02.00.00.000_Modul_lancuchowy_staly,Tuleja_zaciskowa_BK13-35x60,Tuleja_zaciskowa_BK13-35x60,1
293,0,036P,036P_02.00.00.000_Modul_lancuchowy_staly,Tuleja_zaciskowa_BK13-35x60,Tuleja_zaciskowa_BK13-35x60,1
294,0,036P,036P_02.00.00.000_Modul_lancuchowy_staly,Zespol_lozyskowy_UCFL_207,Zespol_lozyskowy_UCFL_207,1
295,0,036P,036P_02.00.00.000_Modul_lancuchowy_staly,Zespol_lozyskowy_UCFL_207,Zespol_lozyskowy_UCFL_207,1
296,0,036P,036P_02.00.00.000_Modul_lancuchowy_staly,036P_01.00.00.001_Kolo_gladkie_12B-1,036P_01.00.00.001_Kolo_gladkie_12B-1,1
297,0,036P,036P_02.00.00.000_Modul_lancuchowy_staly,036P_02.00.00.001_Prowadnica_lancuchowa_12B-1_H15_DIN8187,036P_02.00.00.001_Prowadnica_lancuchowa_12B-1_H15_DIN8187,1
298,0,036P,036P_02.00.00.000_Modul_lancuchowy_staly,036P_01.00.00.002_Sruba_M10_spec,036P_01.00.00.002_Sruba_M10_spec,1
299,0,036P,036P_02.00.00.000_Modul_lancuchowy_staly,036P_01.00.00.003_Kolo_lancuchowe_z_piasta_12B-1_z22,036P_01.00.00.003_Kolo_lancuchowe_z_piasta_12B-1_z22,1
300,0,036P,036P_02.00.00.000_Modul_lancuchowy_staly,036P_01.00.00.005_Tulejka_16x10x13,036P_01.00.00.005_Tulejka_16x10x13,1
301,0,036P,036P_02.00.00.000_Modul_lancuchowy_staly,036P_01.00.00.005_Tulejka_16x10x13,036P_01.00.00.005_Tulejka_16x10x13,1
302,0,036P,036P_02.00.00.000_Modul_lancuchowy_staly,036P_01.00.00.005_Tulejka_16x10x13,036P_01.00.00.005_Tulejka_16x10x13,1
303,0,036P,036P_02.00.00.000_Modul_lancuchowy_staly,036P_01.00.00.005_Tulejka_16x10x13,036P_01.00.00.005_Tulejka_16x10x13,1
304,0,036P,036P_02.00.00.000_Modul_lancuchowy_staly,DIN_9021_M10_Zn_HV200,DIN_9021_M10_Zn_HV200,1
305,0,036P,036P_02.00.00.000_Modul_lancuchowy_staly,DIN_9021_M10_Zn_HV200,DIN_9021_M10_Zn_HV200,1
306,0,036P,036P_02.00.00.000_Modul_lancuchowy_staly,DIN_9021_M10_Zn_HV200,DIN_9021_M10_Zn_HV200,1
307,0,036P,036P_02.00.00.000_Modul_lancuchowy_staly,DIN_9021_M10_Zn_HV200,DIN_9021_M10_Zn_HV200,1
308,0,036P,036P_02.00.00.000_Modul_lancuchowy_staly,DIN_127_M10_Zn_HV200,DIN_127_M10_Zn_HV200,1
309,0,036P,036P_02.00.00.000_Modul_lancuchowy_staly,DIN_127_M10_Zn_HV200,DIN_127_M10_Zn_HV200,1
310,0,036P,036P_02.00.00.000_Modul_lancuchowy_staly,DIN_127_M10_Zn_HV200,DIN_127_M10_Zn_HV200,1
311,0,036P,036P_02.00.00.000_Modul_lancuchowy_staly,DIN_127_M10_Zn_HV200,DIN_127_M10_Zn_HV200,1
312,0,036P,036P_02.00.00.000_Modul_lancuchowy_staly,DIN_933_M10x30_Zn_KL8.8,DIN_933_M10x30_Zn_KL8.8,1
313,0,036P,036P_02.00.00.000_Modul_lancuchowy_staly,DIN_933_M10x30_Zn_KL8.8,DIN_933_M10x30_Zn_KL8.8,1
314,0,036P,036P_02.00.00.000_Modul_lancuchowy_staly,DIN_933_M10x30_Zn_KL8.8,DIN_933_M10x30_Zn_KL8.8,1
315,0,036P,036P_02.00.00.000_Modul_lancuchowy_staly,DIN_933_M10x30_Zn_KL8.8,DIN_933_M10x30_Zn_KL8.8,1
316,0,036P,036P_02.00.00.000_Modul_lancuchowy_staly,DIN_9021_M20_Zn_HV200,DIN_9021_M20_Zn_HV200,1
317,0,036P,036P_02.00.00.000_Modul_lancuchowy_staly,DIN_125_M20_Zn_HV200,DIN_125_M20_Zn_HV200,1
318,0,036P,036P_02.00.00.000_Modul_lancuchowy_staly,DIN_985_M20_Zn_KL8,DIN_985_M20_Zn_KL8,1
319,0,036P,036P_02.00.00.000_Modul_lancuchowy_staly,DIN_933_M20x70_Zn_KL8.8,DIN_933_M20x70_Zn_KL8.8,1
320,0,036P,036P_02.00.00.000_Modul_lancuchowy_staly,DIN_9021_M10_Zn_HV200,DIN_9021_M10_Zn_HV200,1
321,0,036P,036P_02.00.00.000_Modul_lancuchowy_staly,DIN_934_M10_Zn_KL8,DIN_934_M10_Zn_KL8,1
322,1,036P,036P_02.00.00.000_Modul_lancuchowy_staly,036P_02.02.00.00_Lancuch_12B-1RDx80_1524,036P_02.02.00.00_Lancuch_12B-1RDx80_1524,1
323,0,036P,036P_02.00.00.000_Modul_lancuchowy_staly,DIN_7984_M5x16_Zn_KL8.8,DIN_7984_M5x16_Zn_KL8.8,1
324,0,036P,036P_02.00.00.000_Modul_lancuchowy_staly,Podkladka_Schnorr_S5_Zn,Podkladka_Schnorr_S5_Zn,1
325,0,036P,036P_02.00.00.000_Modul_lancuchowy_staly,Tuleja_zaciskowa_BK13-35x60,Tuleja_zaciskowa_BK13-35x60,1
326,0,036P,036P_02.00.00.000_Modul_lancuchowy_staly,Zespol_lozyskowy_UCFL_207,Zespol_lozyskowy_UCFL_207,1
327,0,036P,036P_02.00.00.000_Modul_lancuchowy_staly,Zespol_lozyskowy_UCFL_207,Zespol_lozyskowy_UCFL_207,1
328,0,036P,036P_02.00.00.000_Modul_lancuchowy_staly,036P_01.00.00.001_Kolo_gladkie_12B-1,036P_01.00.00.001_Kolo_gladkie_12B-1,1
329,0,036P,036P_02.00.00.000_Modul_lancuchowy_staly,036P_02.00.00.001_Prowadnica_lancuchowa_12B-1_H15_DIN8187,036P_02.00.00.001_Prowadnica_lancuchowa_12B-1_H15_DIN8187,1
330,0,036P,036P_02.00.00.000_Modul_lancuchowy_staly,036P_01.00.00.002_Sruba_M10_spec,036P_01.00.00.002_Sruba_M10_spec,1
331,0,036P,036P_02.00.00.000_Modul_lancuchowy_staly,036P_01.00.00.003_Kolo_lancuchowe_z_piasta_12B-1_z22,036P_01.00.00.003_Kolo_lancuchowe_z_piasta_12B-1_z22,1
332,0,036P,036P_02.00.00.000_Modul_lancuchowy_staly,036P_01.00.00.005_Tulejka_16x10x13,036P_01.00.00.005_Tulejka_16x10x13,1
333,0,036P,036P_02.00.00.000_Modul_lancuchowy_staly,036P_01.00.00.005_Tulejka_16x10x13,036P_01.00.00.005_Tulejka_16x10x13,1
334,0,036P,036P_02.00.00.000_Modul_lancuchowy_staly,036P_01.00.00.005_Tulejka_16x10x13,036P_01.00.00.005_Tulejka_16x10x13,1
335,0,036P,036P_02.00.00.000_Modul_lancuchowy_staly,036P_01.00.00.005_Tulejka_16x10x13,036P_01.00.00.005_Tulejka_16x10x13,1
336,0,036P,036P_02.00.00.000_Modul_lancuchowy_staly,DIN_9021_M10_Zn_HV200,DIN_9021_M10_Zn_HV200,1
337,0,036P,036P_02.00.00.000_Modul_lancuchowy_staly,DIN_9021_M10_Zn_HV200,DIN_9021_M10_Zn_HV200,1
338,0,036P,036P_02.00.00.000_Modul_lancuchowy_staly,DIN_9021_M10_Zn_HV200,DIN_9021_M10_Zn_HV200,1
339,0,036P,036P_02.00.00.000_Modul_lancuchowy_staly,DIN_9021_M10_Zn_HV200,DIN_9021_M10_Zn_HV200,1
340,0,036P,036P_02.00.00.000_Modul_lancuchowy_staly,DIN_127_M10_Zn_HV200,DIN_127_M10_Zn_HV200,1
341,0,036P,036P_02.00.00.000_Modul_lancuchowy_staly,DIN_127_M10_Zn_HV200,DIN_127_M10_Zn_HV200,1
342,0,036P,036P_02.00.00.000_Modul_lancuchowy_staly,DIN_127_M10_Zn_HV200,DIN_127_M10_Zn_HV200,1
343,0,036P,036P_02.00.00.000_Modul_lancuchowy_staly,DIN_127_M10_Zn_HV200,DIN_127_M10_Zn_HV200,1
344,0,036P,036P_02.00.00.000_Modul_lancuchowy_staly,DIN_933_M10x30_Zn_KL8.8,DIN_933_M10x30_Zn_KL8.8,1
345,0,036P,036P_02.00.00.000_Modul_lancuchowy_staly,DIN_933_M10x30_Zn_KL8.8,DIN_933_M10x30_Zn_KL8.8,1
346,0,036P,036P_02.00.00.000_Modul_lancuchowy_staly,DIN_933_M10x30_Zn_KL8.8,DIN_933_M10x30_Zn_KL8.8,1
347,0,036P,036P_02.00.00.000_Modul_lancuchowy_staly,DIN_933_M10x30_Zn_KL8.8,DIN_933_M10x30_Zn_KL8.8,1
348,0,036P,036P_02.00.00.000_Modul_lancuchowy_staly,DIN_9021_M20_Zn_HV200,DIN_9021_M20_Zn_HV200,1
349,0,036P,036P_02.00.00.000_Modul_lancuchowy_staly,DIN_125_M20_Zn_HV200,DIN_125_M20_Zn_HV200,1
350,0,036P,036P_02.00.00.000_Modul_lancuchowy_staly,DIN_985_M20_Zn_KL8,DIN_985_M20_Zn_KL8,1
351,0,036P,036P_02.00.00.000_Modul_lancuchowy_staly,DIN_933_M20x70_Zn_KL8.8,DIN_933_M20x70_Zn_KL8.8,1
352,0,036P,036P_02.00.00.000_Modul_lancuchowy_staly,DIN_9021_M10_Zn_HV200,DIN_9021_M10_Zn_HV200,1
353,0,036P,036P_02.00.00.000_Modul_lancuchowy_staly,DIN_934_M10_Zn_KL8,DIN_934_M10_Zn_KL8,1
354,1,036P,036P_02.00.00.000_Modul_lancuchowy_staly,036P_02.02.00.00_Lancuch_12B-1RDx80_1524,036P_02.02.00.00_Lancuch_12B-1RDx80_1524,1
355,0,036P,036P_02.00.00.000_Modul_lancuchowy_staly,DIN_7984_M5x16_Zn_KL8.8,DIN_7984_M5x16_Zn_KL8.8,1
356,0,036P,036P_02.00.00.000_Modul_lancuchowy_staly,Podkladka_Schnorr_S5_Zn,Podkladka_Schnorr_S5_Zn,1
357,0,036P,036P_02.00.00.000_Modul_lancuchowy_staly,Tuleja_zaciskowa_BK13-35x60,Tuleja_zaciskowa_BK13-35x60,1
358,0,036P,036P_02.00.00.000_Modul_lancuchowy_staly,Zespol_lozyskowy_UCFL_207,Zespol_lozyskowy_UCFL_207,1
359,0,036P,036P_02.00.00.000_Modul_lancuchowy_staly,Zespol_lozyskowy_UCFL_207,Zespol_lozyskowy_UCFL_207,1
360,0,036P,036P_02.00.00.000_Modul_lancuchowy_staly,036P_01.00.00.001_Kolo_gladkie_12B-1,036P_01.00.00.001_Kolo_gladkie_12B-1,1
361,0,036P,036P_02.00.00.000_Modul_lancuchowy_staly,036P_02.00.00.001_Prowadnica_lancuchowa_12B-1_H15_DIN8187,036P_02.00.00.001_Prowadnica_lancuchowa_12B-1_H15_DIN8187,1
362,0,036P,036P_02.00.00.000_Modul_lancuchowy_staly,036P_01.00.00.002_Sruba_M10_spec,036P_01.00.00.002_Sruba_M10_spec,1
363,0,036P,036P_02.00.00.000_Modul_lancuchowy_staly,036P_01.00.00.003_Kolo_lancuchowe_z_piasta_12B-1_z22,036P_01.00.00.003_Kolo_lancuchowe_z_piasta_12B-1_z22,1
364,0,036P,036P_02.00.00.000_Modul_lancuchowy_staly,036P_01.00.00.005_Tulejka_16x10x13,036P_01.00.00.005_Tulejka_16x10x13,1
365,0,036P,036P_02.00.00.000_Modul_lancuchowy_staly,036P_01.00.00.005_Tulejka_16x10x13,036P_01.00.00.005_Tulejka_16x10x13,1
366,0,036P,036P_02.00.00.000_Modul_lancuchowy_staly,036P_01.00.00.005_Tulejka_16x10x13,036P_01.00.00.005_Tulejka_16x10x13,1
367,0,036P,036P_02.00.00.000_Modul_lancuchowy_staly,036P_01.00.00.005_Tulejka_16x10x13,036P_01.00.00.005_Tulejka_16x10x13,1
368,0,036P,036P_02.00.00.000_Modul_lancuchowy_staly,DIN_9021_M10_Zn_HV200,DIN_9021_M10_Zn_HV200,1
369,0,036P,036P_02.00.00.000_Modul_lancuchowy_staly,DIN_9021_M10_Zn_HV200,DIN_9021_M10_Zn_HV200,1
370,0,036P,036P_02.00.00.000_Modul_lancuchowy_staly,DIN_9021_M10_Zn_HV200,DIN_9021_M10_Zn_HV200,1
371,0,036P,036P_02.00.00.000_Modul_lancuchowy_staly,DIN_9021_M10_Zn_HV200,DIN_9021_M10_Zn_HV200,1
372,0,036P,036P_02.00.00.000_Modul_lancuchowy_staly,DIN_127_M10_Zn_HV200,DIN_127_M10_Zn_HV200,1
373,0,036P,036P_02.00.00.000_Modul_lancuchowy_staly,DIN_127_M10_Zn_HV200,DIN_127_M10_Zn_HV200,1
374,0,036P,036P_02.00.00.000_Modul_lancuchowy_staly,DIN_127_M10_Zn_HV200,DIN_127_M10_Zn_HV200,1
375,0,036P,036P_02.00.00.000_Modul_lancuchowy_staly,DIN_127_M10_Zn_HV200,DIN_127_M10_Zn_HV200,1
376,0,036P,036P_02.00.00.000_Modul_lancuchowy_staly,DIN_933_M10x30_Zn_KL8.8,DIN_933_M10x30_Zn_KL8.8,1
377,0,036P,036P_02.00.00.000_Modul_lancuchowy_staly,DIN_933_M10x30_Zn_KL8.8,DIN_933_M10x30_Zn_KL8.8,1
378,0,036P,036P_02.00.00.000_Modul_lancuchowy_staly,DIN_933_M10x30_Zn_KL8.8,DIN_933_M10x30_Zn_KL8.8,1
379,0,036P,036P_02.00.00.000_Modul_lancuchowy_staly,DIN_933_M10x30_Zn_KL8.8,DIN_933_M10x30_Zn_KL8.8,1
380,0,036P,036P_02.00.00.000_Modul_lancuchowy_staly,DIN_9021_M20_Zn_HV200,DIN_9021_M20_Zn_HV200,1
381,0,036P,036P_02.00.00.000_Modul_lancuchowy_staly,DIN_125_M20_Zn_HV200,DIN_125_M20_Zn_HV200,1
382,0,036P,036P_02.00.00.000_Modul_lancuchowy_staly,DIN_985_M20_Zn_KL8,DIN_985_M20_Zn_KL8,1
383,0,036P,036P_02.00.00.000_Modul_lancuchowy_staly,DIN_933_M20x70_Zn_KL8.8,DIN_933_M20x70_Zn_KL8.8,1
384,0,036P,036P_02.00.00.000_Modul_lancuchowy_staly,DIN_9021_M10_Zn_HV200,DIN_9021_M10_Zn_HV200,1
385,0,036P,036P_02.00.00.000_Modul_lancuchowy_staly,DIN_934_M10_Zn_KL8,DIN_934_M10_Zn_KL8,1
386,1,036P,036P_02.00.00.000_Modul_lancuchowy_staly,036P_02.02.00.00_Lancuch_12B-1RDx80_1524,036P_02.02.00.00_Lancuch_12B-1RDx80_1524,1
387,0,036P,036P_02.00.00.000_Modul_lancuchowy_staly,DIN_7984_M5x16_Zn_KL8.8,DIN_7984_M5x16_Zn_KL8.8,1
388,0,036P,036P_02.00.00.000_Modul_lancuchowy_staly,Podkladka_Schnorr_S5_Zn,Podkladka_Schnorr_S5_Zn,1
389,0,036P,036P_02.00.00.000_Modul_lancuchowy_staly,Tuleja_zaciskowa_BK13-35x60,Tuleja_zaciskowa_BK13-35x60,1
390,0,036P,036P_02.00.00.000_Modul_lancuchowy_staly,Zespol_lozyskowy_UCFL_207,Zespol_lozyskowy_UCFL_207,1
391,0,036P,036P_02.00.00.000_Modul_lancuchowy_staly,Zespol_lozyskowy_UCFL_207,Zespol_lozyskowy_UCFL_207,1
392,0,036P,036P_02.00.00.000_Modul_lancuchowy_staly,036P_01.00.00.001_Kolo_gladkie_12B-1,036P_01.00.00.001_Kolo_gladkie_12B-1,1
393,0,036P,036P_02.00.00.000_Modul_lancuchowy_staly,036P_02.00.00.001_Prowadnica_lancuchowa_12B-1_H15_DIN8187,036P_02.00.00.001_Prowadnica_lancuchowa_12B-1_H15_DIN8187,1
394,0,036P,036P_02.00.00.000_Modul_lancuchowy_staly,036P_01.00.00.002_Sruba_M10_spec,036P_01.00.00.002_Sruba_M10_spec,1
395,0,036P,036P_02.00.00.000_Modul_lancuchowy_staly,036P_01.00.00.003_Kolo_lancuchowe_z_piasta_12B-1_z22,036P_01.00.00.003_Kolo_lancuchowe_z_piasta_12B-1_z22,1
396,0,036P,036P_02.00.00.000_Modul_lancuchowy_staly,036P_01.00.00.005_Tulejka_16x10x13,036P_01.00.00.005_Tulejka_16x10x13,1
397,0,036P,036P_02.00.00.000_Modul_lancuchowy_staly,036P_01.00.00.005_Tulejka_16x10x13,036P_01.00.00.005_Tulejka_16x10x13,1
398,0,036P,036P_02.00.00.000_Modul_lancuchowy_staly,036P_01.00.00.005_Tulejka_16x10x13,036P_01.00.00.005_Tulejka_16x10x13,1
399,0,036P,036P_02.00.00.000_Modul_lancuchowy_staly,036P_01.00.00.005_Tulejka_16x10x13,036P_01.00.00.005_Tulejka_16x10x13,1
400,0,036P,036P_02.00.00.000_Modul_lancuchowy_staly,DIN_9021_M10_Zn_HV200,DIN_9021_M10_Zn_HV200,1
401,0,036P,036P_02.00.00.000_Modul_lancuchowy_staly,DIN_9021_M10_Zn_HV200,DIN_9021_M10_Zn_HV200,1
402,0,036P,036P_02.00.00.000_Modul_lancuchowy_staly,DIN_9021_M10_Zn_HV200,DIN_9021_M10_Zn_HV200,1
403,0,036P,036P_02.00.00.000_Modul_lancuchowy_staly,DIN_9021_M10_Zn_HV200,DIN_9021_M10_Zn_HV200,1
404,0,036P,036P_02.00.00.000_Modul_lancuchowy_staly,DIN_127_M10_Zn_HV200,DIN_127_M10_Zn_HV200,1
405,0,036P,036P_02.00.00.000_Modul_lancuchowy_staly,DIN_127_M10_Zn_HV200,DIN_127_M10_Zn_HV200,1
406,0,036P,036P_02.00.00.000_Modul_lancuchowy_staly,DIN_127_M10_Zn_HV200,DIN_127_M10_Zn_HV200,1
407,0,036P,036P_02.00.00.000_Modul_lancuchowy_staly,DIN_127_M10_Zn_HV200,DIN_127_M10_Zn_HV200,1
408,0,036P,036P_02.00.00.000_Modul_lancuchowy_staly,DIN_933_M10x30_Zn_KL8.8,DIN_933_M10x30_Zn_KL8.8,1
409,0,036P,036P_02.00.00.000_Modul_lancuchowy_staly,DIN_933_M10x30_Zn_KL8.8,DIN_933_M10x30_Zn_KL8.8,1
410,0,036P,036P_02.00.00.000_Modul_lancuchowy_staly,DIN_933_M10x30_Zn_KL8.8,DIN_933_M10x30_Zn_KL8.8,1
411,0,036P,036P_02.00.00.000_Modul_lancuchowy_staly,DIN_933_M10x30_Zn_KL8.8,DIN_933_M10x30_Zn_KL8.8,1
412,0,036P,036P_02.00.00.000_Modul_lancuchowy_staly,DIN_9021_M20_Zn_HV200,DIN_9021_M20_Zn_HV200,1
413,0,036P,036P_02.00.00.000_Modul_lancuchowy_staly,DIN_125_M20_Zn_HV200,DIN_125_M20_Zn_HV200,1
414,0,036P,036P_02.00.00.000_Modul_lancuchowy_staly,DIN_985_M20_Zn_KL8,DIN_985_M20_Zn_KL8,1
415,0,036P,036P_02.00.00.000_Modul_lancuchowy_staly,DIN_933_M20x70_Zn_KL8.8,DIN_933_M20x70_Zn_KL8.8,1
416,0,036P,036P_02.00.00.000_Modul_lancuchowy_staly,DIN_9021_M10_Zn_HV200,DIN_9021_M10_Zn_HV200,1
417,0,036P,036P_02.00.00.000_Modul_lancuchowy_staly,DIN_934_M10_Zn_KL8,DIN_934_M10_Zn_KL8,1
418,1,036P,036P_02.00.00.000_Modul_lancuchowy_staly,036P_02.02.00.00_Lancuch_12B-1RDx80_1524,036P_02.02.00.00_Lancuch_12B-1RDx80_1524,1
419,0,036P,036P_02.00.00.000_Modul_lancuchowy_staly,DIN_7984_M5x16_Zn_KL8.8,DIN_7984_M5x16_Zn_KL8.8,1
420,0,036P,036P_02.00.00.000_Modul_lancuchowy_staly,Podkladka_Schnorr_S5_Zn,Podkladka_Schnorr_S5_Zn,1
421,0,036P,036P_02.00.00.000_Modul_lancuchowy_staly,Tuleja_zaciskowa_BK13-35x60,Tuleja_zaciskowa_BK13-35x60,1
422,0,036P,036P_02.00.00.000_Modul_lancuchowy_staly,Zespol_lozyskowy_UCFL_207,Zespol_lozyskowy_UCFL_207,1
423,0,036P,036P_02.00.00.000_Modul_lancuchowy_staly,Zespol_lozyskowy_UCFL_207,Zespol_lozyskowy_UCFL_207,1
424,0,036P,036P_02.00.00.000_Modul_lancuchowy_staly,036P_01.00.00.001_Kolo_gladkie_12B-1,036P_01.00.00.001_Kolo_gladkie_12B-1,1
425,0,036P,036P_02.00.00.000_Modul_lancuchowy_staly,036P_02.00.00.001_Prowadnica_lancuchowa_12B-1_H15_DIN8187,036P_02.00.00.001_Prowadnica_lancuchowa_12B-1_H15_DIN8187,1
426,0,036P,036P_02.00.00.000_Modul_lancuchowy_staly,036P_01.00.00.002_Sruba_M10_spec,036P_01.00.00.002_Sruba_M10_spec,1
427,0,036P,036P_02.00.00.000_Modul_lancuchowy_staly,036P_01.00.00.003_Kolo_lancuchowe_z_piasta_12B-1_z22,036P_01.00.00.003_Kolo_lancuchowe_z_piasta_12B-1_z22,1
428,0,036P,036P_02.00.00.000_Modul_lancuchowy_staly,036P_01.00.00.005_Tulejka_16x10x13,036P_01.00.00.005_Tulejka_16x10x13,1
429,0,036P,036P_02.00.00.000_Modul_lancuchowy_staly,036P_01.00.00.005_Tulejka_16x10x13,036P_01.00.00.005_Tulejka_16x10x13,1
430,0,036P,036P_02.00.00.000_Modul_lancuchowy_staly,036P_01.00.00.005_Tulejka_16x10x13,036P_01.00.00.005_Tulejka_16x10x13,1
431,0,036P,036P_02.00.00.000_Modul_lancuchowy_staly,036P_01.00.00.005_Tulejka_16x10x13,036P_01.00.00.005_Tulejka_16x10x13,1
432,0,036P,036P_02.00.00.000_Modul_lancuchowy_staly,DIN_9021_M10_Zn_HV200,DIN_9021_M10_Zn_HV200,1
433,0,036P,036P_02.00.00.000_Modul_lancuchowy_staly,DIN_9021_M10_Zn_HV200,DIN_9021_M10_Zn_HV200,1
434,0,036P,036P_02.00.00.000_Modul_lancuchowy_staly,DIN_9021_M10_Zn_HV200,DIN_9021_M10_Zn_HV200,1
435,0,036P,036P_02.00.00.000_Modul_lancuchowy_staly,DIN_9021_M10_Zn_HV200,DIN_9021_M10_Zn_HV200,1
436,0,036P,036P_02.00.00.000_Modul_lancuchowy_staly,DIN_127_M10_Zn_HV200,DIN_127_M10_Zn_HV200,1
437,0,036P,036P_02.00.00.000_Modul_lancuchowy_staly,DIN_127_M10_Zn_HV200,DIN_127_M10_Zn_HV200,1
438,0,036P,036P_02.00.00.000_Modul_lancuchowy_staly,DIN_127_M10_Zn_HV200,DIN_127_M10_Zn_HV200,1
439,0,036P,036P_02.00.00.000_Modul_lancuchowy_staly,DIN_127_M10_Zn_HV200,DIN_127_M10_Zn_HV200,1
440,0,036P,036P_02.00.00.000_Modul_lancuchowy_staly,DIN_933_M10x30_Zn_KL8.8,DIN_933_M10x30_Zn_KL8.8,1
441,0,036P,036P_02.00.00.000_Modul_lancuchowy_staly,DIN_933_M10x30_Zn_KL8.8,DIN_933_M10x30_Zn_KL8.8,1
442,0,036P,036P_02.00.00.000_Modul_lancuchowy_staly,DIN_933_M10x30_Zn_KL8.8,DIN_933_M10x30_Zn_KL8.8,1
443,0,036P,036P_02.00.00.000_Modul_lancuchowy_staly,DIN_933_M10x30_Zn_KL8.8,DIN_933_M10x30_Zn_KL8.8,1
444,0,036P,036P_02.00.00.000_Modul_lancuchowy_staly,DIN_9021_M20_Zn_HV200,DIN_9021_M20_Zn_HV200,1
445,0,036P,036P_02.00.00.000_Modul_lancuchowy_staly,DIN_125_M20_Zn_HV200,DIN_125_M20_Zn_HV200,1
446,0,036P,036P_02.00.00.000_Modul_lancuchowy_staly,DIN_985_M20_Zn_KL8,DIN_985_M20_Zn_KL8,1
447,0,036P,036P_02.00.00.000_Modul_lancuchowy_staly,DIN_933_M20x70_Zn_KL8.8,DIN_933_M20x70_Zn_KL8.8,1
448,0,036P,036P_02.00.00.000_Modul_lancuchowy_staly,DIN_9021_M10_Zn_HV200,DIN_9021_M10_Zn_HV200,1
449,0,036P,036P_02.00.00.000_Modul_lancuchowy_staly,DIN_934_M10_Zn_KL8,DIN_934_M10_Zn_KL8,1
450,1,036P,036P_02.00.00.000_Modul_lancuchowy_staly,036P_02.02.00.00_Lancuch_12B-1RDx80_1524,036P_02.02.00.00_Lancuch_12B-1RDx80_1524,1
451,0,036P,036P_02.00.00.000_Modul_lancuchowy_staly,DIN_7984_M5x16_Zn_KL8.8,DIN_7984_M5x16_Zn_KL8.8,1
452,0,036P,036P_02.00.00.000_Modul_lancuchowy_staly,Podkladka_Schnorr_S5_Zn,Podkladka_Schnorr_S5_Zn,1
453,0,036P,036P_02.00.00.000_Modul_lancuchowy_staly,Tuleja_zaciskowa_BK13-35x60,Tuleja_zaciskowa_BK13-35x60,1
454,0,036P,036P_02.00.00.000_Modul_lancuchowy_staly,Zespol_lozyskowy_UCFL_207,Zespol_lozyskowy_UCFL_207,1
455,0,036P,036P_02.00.00.000_Modul_lancuchowy_staly,Zespol_lozyskowy_UCFL_207,Zespol_lozyskowy_UCFL_207,1
456,0,036P,036P_02.00.00.000_Modul_lancuchowy_staly,036P_01.00.00.001_Kolo_gladkie_12B-1,036P_01.00.00.001_Kolo_gladkie_12B-1,1
457,0,036P,036P_02.00.00.000_Modul_lancuchowy_staly,036P_02.00.00.001_Prowadnica_lancuchowa_12B-1_H15_DIN8187,036P_02.00.00.001_Prowadnica_lancuchowa_12B-1_H15_DIN8187,1
458,0,036P,036P_02.00.00.000_Modul_lancuchowy_staly,036P_01.00.00.002_Sruba_M10_spec,036P_01.00.00.002_Sruba_M10_spec,1
459,0,036P,036P_02.00.00.000_Modul_lancuchowy_staly,036P_01.00.00.003_Kolo_lancuchowe_z_piasta_12B-1_z22,036P_01.00.00.003_Kolo_lancuchowe_z_piasta_12B-1_z22,1
460,0,036P,036P_02.00.00.000_Modul_lancuchowy_staly,036P_01.00.00.005_Tulejka_16x10x13,036P_01.00.00.005_Tulejka_16x10x13,1
461,0,036P,036P_02.00.00.000_Modul_lancuchowy_staly,036P_01.00.00.005_Tulejka_16x10x13,036P_01.00.00.005_Tulejka_16x10x13,1
462,0,036P,036P_02.00.00.000_Modul_lancuchowy_staly,036P_01.00.00.005_Tulejka_16x10x13,036P_01.00.00.005_Tulejka_16x10x13,1
463,0,036P,036P_02.00.00.000_Modul_lancuchowy_staly,036P_01.00.00.005_Tulejka_16x10x13,036P_01.00.00.005_Tulejka_16x10x13,1
464,0,036P,036P_02.00.00.000_Modul_lancuchowy_staly,DIN_9021_M10_Zn_HV200,DIN_9021_M10_Zn_HV200,1
465,0,036P,036P_02.00.00.000_Modul_lancuchowy_staly,DIN_9021_M10_Zn_HV200,DIN_9021_M10_Zn_HV200,1
466,0,036P,036P_02.00.00.000_Modul_lancuchowy_staly,DIN_9021_M10_Zn_HV200,DIN_9021_M10_Zn_HV200,1
467,0,036P,036P_02.00.00.000_Modul_lancuchowy_staly,DIN_9021_M10_Zn_HV200,DIN_9021_M10_Zn_HV200,1
468,0,036P,036P_02.00.00.000_Modul_lancuchowy_staly,DIN_127_M10_Zn_HV200,DIN_127_M10_Zn_HV200,1
469,0,036P,036P_02.00.00.000_Modul_lancuchowy_staly,DIN_127_M10_Zn_HV200,DIN_127_M10_Zn_HV200,1
470,0,036P,036P_02.00.00.000_Modul_lancuchowy_staly,DIN_127_M10_Zn_HV200,DIN_127_M10_Zn_HV200,1
471,0,036P,036P_02.00.00.000_Modul_lancuchowy_staly,DIN_127_M10_Zn_HV200,DIN_127_M10_Zn_HV200,1
472,0,036P,036P_02.00.00.000_Modul_lancuchowy_staly,DIN_933_M10x30_Zn_KL8.8,DIN_933_M10x30_Zn_KL8.8,1
473,0,036P,036P_02.00.00.000_Modul_lancuchowy_staly,DIN_933_M10x30_Zn_KL8.8,DIN_933_M10x30_Zn_KL8.8,1
474,0,036P,036P_02.00.00.000_Modul_lancuchowy_staly,DIN_933_M10x30_Zn_KL8.8,DIN_933_M10x30_Zn_KL8.8,1
475,0,036P,036P_02.00.00.000_Modul_lancuchowy_staly,DIN_933_M10x30_Zn_KL8.8,DIN_933_M10x30_Zn_KL8.8,1
476,0,036P,036P_02.00.00.000_Modul_lancuchowy_staly,DIN_9021_M20_Zn_HV200,DIN_9021_M20_Zn_HV200,1
477,0,036P,036P_02.00.00.000_Modul_lancuchowy_staly,DIN_125_M20_Zn_HV200,DIN_125_M20_Zn_HV200,1
478,0,036P,036P_02.00.00.000_Modul_lancuchowy_staly,DIN_985_M20_Zn_KL8,DIN_985_M20_Zn_KL8,1
479,0,036P,036P_02.00.00.000_Modul_lancuchowy_staly,DIN_933_M20x70_Zn_KL8.8,DIN_933_M20x70_Zn_KL8.8,1
480,0,036P,036P_02.00.00.000_Modul_lancuchowy_staly,DIN_9021_M10_Zn_HV200,DIN_9021_M10_Zn_HV200,1
481,0,036P,036P_02.00.00.000_Modul_lancuchowy_staly,DIN_934_M10_Zn_KL8,DIN_934_M10_Zn_KL8,1
482,1,036P,036P_02.00.00.000_Modul_lancuchowy_staly,036P_02.02.00.00_Lancuch_12B-1RDx80_1524,036P_02.02.00.00_Lancuch_12B-1RDx80_1524,1
483,0,036P,036P_02.00.00.000_Modul_lancuchowy_staly,DIN_7984_M5x16_Zn_KL8.8,DIN_7984_M5x16_Zn_KL8.8,1
484,0,036P,036P_02.00.00.000_Modul_lancuchowy_staly,Podkladka_Schnorr_S5_Zn,Podkladka_Schnorr_S5_Zn,1
485,0,036P,036P_02.01.00.000_Rama_modulu,036P_02.02.00.001_Profil_80x80x4_5100,036P_02.02.00.001_Profil_80x80x4_5100,1
486,0,036P,036P_02.01.00.000_Rama_modulu,036P_02.02.00.002_Ceownik_UPN100_530,036P_02.02.00.002_Ceownik_UPN100_530,1
487,1,036P,036P_02.01.00.000_Rama_modulu,036P_02.02.01.000_Profil_transportera,036P_02.02.01.000_Profil_transportera,1
488,0,036P,036P_02.01.00.000_Rama_modulu,036P_02.02.00.002_Ceownik_UPN100_530,036P_02.02.00.002_Ceownik_UPN100_530,1
489,0,036P,036P_02.01.00.000_Rama_modulu,036P_02.02.00.002_Ceownik_UPN100_530,036P_02.02.00.002_Ceownik_UPN100_530,1
490,0,036P,036P_02.01.00.000_Rama_modulu,036P_02.02.00.002_Ceownik_UPN100_530,036P_02.02.00.002_Ceownik_UPN100_530,1
491,0,036P,036P_02.01.00.000_Rama_modulu,036P_02.02.00.002_Ceownik_UPN100_530,036P_02.02.00.002_Ceownik_UPN100_530,1
492,0,036P,036P_02.01.00.000_Rama_modulu,036P_02.02.00.004_Profil_60x60x4_400,036P_02.02.00.004_Profil_60x60x4_400,1
493,0,036P,036P_02.01.00.000_Rama_modulu,032P_01.01.00.011_Blacha_nogi,032P_01.01.00.011_Blacha_nogi,1
494,0,036P,036P_02.01.00.000_Rama_modulu,032P_01.01.00.011_Blacha_nogi,032P_01.01.00.011_Blacha_nogi,1
495,0,036P,036P_02.01.00.000_Rama_modulu,032P_01.01.00.011_Blacha_nogi,032P_01.01.00.011_Blacha_nogi,1
496,0,036P,036P_02.01.00.000_Rama_modulu,032P_01.01.00.011_Blacha_nogi,032P_01.01.00.011_Blacha_nogi,1
497,0,036P,036P_02.01.00.000_Rama_modulu,032P_01.01.00.011_Blacha_nogi,032P_01.01.00.011_Blacha_nogi,1
498,0,036P,036P_02.01.00.000_Rama_modulu,036P_02.02.00.004_Profil_60x60x4_400,036P_02.02.00.004_Profil_60x60x4_400,1
499,0,036P,036P_02.01.00.000_Rama_modulu,036P_02.02.00.004_Profil_60x60x4_400,036P_02.02.00.004_Profil_60x60x4_400,1
500,0,036P,036P_02.01.00.000_Rama_modulu,036P_02.02.00.004_Profil_60x60x4_400,036P_02.02.00.004_Profil_60x60x4_400,1
501,0,036P,036P_02.01.00.000_Rama_modulu,036P_02.02.00.004_Profil_60x60x4_400,036P_02.02.00.004_Profil_60x60x4_400,1
502,1,036P,036P_02.01.00.000_Rama_modulu,036P_02.02.01.000_Profil_transportera,036P_02.02.01.000_Profil_transportera,1
503,1,036P,036P_02.01.00.000_Rama_modulu,036P_02.02.01.000_Profil_transportera,036P_02.02.01.000_Profil_transportera,1
504,1,036P,036P_02.01.00.000_Rama_modulu,036P_02.02.01.000_Profil_transportera,036P_02.02.01.000_Profil_transportera,1
505,1,036P,036P_02.01.00.000_Rama_modulu,036P_02.02.01.000_Profil_transportera,036P_02.02.01.000_Profil_transportera,1
506,1,036P,036P_02.01.00.000_Rama_modulu,036P_02.02.01.000_Profil_transportera,036P_02.02.01.000_Profil_transportera,1
507,1,036P,036P_02.01.00.000_Rama_modulu,036P_02.02.01.000_Profil_transportera,036P_02.02.01.000_Profil_transportera,1
508,0,036P,036P_02.01.00.000_Rama_modulu,036P_02.02.00.005_Profil_60x60x4_1180,036P_02.02.00.005_Profil_60x60x4_1180,1
509,0,036P,036P_02.01.00.000_Rama_modulu,032P_01.01.00.011_Blacha_nogi,032P_01.01.00.011_Blacha_nogi,1
510,0,036P,036P_02.01.00.000_Rama_modulu,032P_01.01.00.011_Blacha_nogi,032P_01.01.00.011_Blacha_nogi,1
511,0,036P,036P_02.01.00.000_Rama_modulu,032P_01.01.00.011_Blacha_nogi,032P_01.01.00.011_Blacha_nogi,1
512,0,036P,036P_02.01.00.000_Rama_modulu,036P_02.02.00.003_Ceownik_UPN100_300,036P_02.02.00.003_Ceownik_UPN100_300,1
513,0,036P,036P_02.01.00.000_Rama_modulu,036P_02.02.00.003_Ceownik_UPN100_300,036P_02.02.00.003_Ceownik_UPN100_300,1
514,0,036P,036P_02.01.00.000_Rama_modulu,036P_02.02.00.003_Ceownik_UPN100_300,036P_02.02.00.003_Ceownik_UPN100_300,1
515,0,036P,036P_02.01.00.000_Rama_modulu,032P_01.01.00.011_Blacha_nogi,032P_01.01.00.011_Blacha_nogi,1
516,0,036P,036P_02.01.00.000_Rama_modulu,036P_02.02.00.003_Ceownik_UPN100_300,036P_02.02.00.003_Ceownik_UPN100_300,1
517,0,036P,036P_02.01.00.000_Rama_modulu,036P_02.02.00.003_Ceownik_UPN100_300,036P_02.02.00.003_Ceownik_UPN100_300,1
518,0,036P,036P_02.01.00.000_Rama_modulu,032P_01.01.00.011_Blacha_nogi,032P_01.01.00.011_Blacha_nogi,1
519,0,036P,036P_02.01.00.000_Rama_modulu,036P_02.02.00.005_Profil_60x60x4_1180,036P_02.02.00.005_Profil_60x60x4_1180,1
520,0,036P,036P_02.01.00.000_Rama_modulu,036P_02.02.00.005_Profil_60x60x4_1180,036P_02.02.00.005_Profil_60x60x4_1180,1
521,0,036P,036P_02.01.00.000_Rama_modulu,036P_02.02.00.005_Profil_60x60x4_1180,036P_02.02.00.005_Profil_60x60x4_1180,1
522,0,036P,036P_02.01.00.000_Rama_modulu,036P_02.02.00.007_Ceownik_UPN65_200,036P_02.02.00.007_Ceownik_UPN65_200,1
523,0,036P,036P_02.01.00.000_Rama_modulu,036P_02.02.00.006_Ceownik_UPN80_1140,036P_02.02.00.006_Ceownik_UPN80_1140,1
524,0,036P,036P_02.01.00.000_Rama_modulu,036P_02.02.00.009_Ceownik_UPN80_1140,036P_02.02.00.009_Ceownik_UPN80_1140,1
525,0,036P,036P_02.01.00.000_Rama_modulu,DIN_6331_M10_CZ_KL10,DIN_6331_M10_CZ_KL10,1
526,0,036P,036P_02.01.00.000_Rama_modulu,036P_02.02.00.008_Profil_50x50x3_320,036P_02.02.00.008_Profil_50x50x3_320,1
527,0,036P,036P_02.01.00.000_Rama_modulu,036P_02.02.00.010_Katownik_125x29x4_58,036P_02.02.00.010_Katownik_125x29x4_58,1
528,0,036P,036P_02.01.00.000_Rama_modulu,036P_02.02.00.006_Ceownik_UPN80_1140,036P_02.02.00.006_Ceownik_UPN80_1140,1
529,0,036P,036P_02.01.00.000_Rama_modulu,036P_02.02.00.011_Wspornik_CHM_50,036P_02.02.00.011_Wspornik_CHM_50,1
530,0,036P,036P_02.01.00.000_Rama_modulu,036P_02.02.00.009_Ceownik_UPN80_1140,036P_02.02.00.009_Ceownik_UPN80_1140,1
531,0,036P,036P_02.01.00.000_Rama_modulu,036P_02.02.00.007_Ceownik_UPN65_200,036P_02.02.00.007_Ceownik_UPN65_200,1
532,0,036P,036P_02.01.00.000_Rama_modulu,DIN_6331_M10_CZ_KL10,DIN_6331_M10_CZ_KL10,1
533,0,036P,036P_02.01.00.000_Rama_modulu,036P_02.02.00.007_Ceownik_UPN65_200,036P_02.02.00.007_Ceownik_UPN65_200,1
534,0,036P,036P_02.01.00.000_Rama_modulu,036P_02.02.00.007_Ceownik_UPN65_200,036P_02.02.00.007_Ceownik_UPN65_200,1
535,0,036P,036P_02.01.00.000_Rama_modulu,036P_02.02.00.007_Ceownik_UPN65_200,036P_02.02.00.007_Ceownik_UPN65_200,1
536,0,036P,036P_02.01.00.000_Rama_modulu,036P_02.02.00.007_Ceownik_UPN65_200,036P_02.02.00.007_Ceownik_UPN65_200,1
537,0,036P,036P_02.01.00.000_Rama_modulu,036P_02.02.00.007_Ceownik_UPN65_200,036P_02.02.00.007_Ceownik_UPN65_200,1
538,0,036P,036P_02.01.00.000_Rama_modulu,036P_02.02.00.007_Ceownik_UPN65_200,036P_02.02.00.007_Ceownik_UPN65_200,1
539,0,036P,036P_02.01.00.000_Rama_modulu,036P_02.02.00.007_Ceownik_UPN65_200,036P_02.02.00.007_Ceownik_UPN65_200,1
540,0,036P,036P_02.01.00.000_Rama_modulu,036P_02.02.00.010_Katownik_125x29x4_58,036P_02.02.00.010_Katownik_125x29x4_58,1
541,0,036P,036P_02.01.00.000_Rama_modulu,036P_02.02.00.008_Profil_50x50x3_320,036P_02.02.00.008_Profil_50x50x3_320,1
542,0,036P,036P_02.01.00.000_Rama_modulu,036P_02.02.00.008_Profil_50x50x3_320,036P_02.02.00.008_Profil_50x50x3_320,1
543,0,036P,036P_02.01.00.000_Rama_modulu,036P_02.02.00.008_Profil_50x50x3_320,036P_02.02.00.008_Profil_50x50x3_320,1
544,0,036P,036P_02.01.00.000_Rama_modulu,036P_02.02.00.008_Profil_50x50x3_320,036P_02.02.00.008_Profil_50x50x3_320,1
545,0,036P,036P_02.01.00.000_Rama_modulu,036P_02.02.00.008_Profil_50x50x3_320,036P_02.02.00.008_Profil_50x50x3_320,1
546,0,036P,036P_02.01.00.000_Rama_modulu,036P_02.02.00.008_Profil_50x50x3_320,036P_02.02.00.008_Profil_50x50x3_320,1
547,0,036P,036P_02.01.00.000_Rama_modulu,036P_02.02.00.010_Katownik_125x29x4_58,036P_02.02.00.010_Katownik_125x29x4_58,1
548,0,036P,036P_02.01.00.000_Rama_modulu,036P_02.02.00.010_Katownik_125x29x4_58,036P_02.02.00.010_Katownik_125x29x4_58,1
549,0,036P,036P_02.01.00.000_Rama_modulu,036P_02.02.00.010_Katownik_125x29x4_58,036P_02.02.00.010_Katownik_125x29x4_58,1
550,0,036P,036P_02.01.00.000_Rama_modulu,036P_02.02.00.010_Katownik_125x29x4_58,036P_02.02.00.010_Katownik_125x29x4_58,1
551,0,036P,036P_02.01.00.000_Rama_modulu,036P_02.02.00.010_Katownik_125x29x4_58,036P_02.02.00.010_Katownik_125x29x4_58,1
552,0,036P,036P_02.01.00.000_Rama_modulu,036P_02.02.00.010_Katownik_125x29x4_58,036P_02.02.00.010_Katownik_125x29x4_58,1
553,0,036P,036P_02.01.00.000_Rama_modulu,036P_02.02.00.010_Katownik_125x29x4_58,036P_02.02.00.010_Katownik_125x29x4_58,1
554,0,036P,036P_02.01.00.000_Rama_modulu,036P_02.02.00.010_Katownik_125x29x4_58,036P_02.02.00.010_Katownik_125x29x4_58,1
555,0,036P,036P_02.01.00.000_Rama_modulu,036P_02.02.00.010_Katownik_125x29x4_58,036P_02.02.00.010_Katownik_125x29x4_58,1
556,0,036P,036P_02.01.00.000_Rama_modulu,036P_02.02.00.010_Katownik_125x29x4_58,036P_02.02.00.010_Katownik_125x29x4_58,1
557,0,036P,036P_02.01.00.000_Rama_modulu,036P_02.02.00.010_Katownik_125x29x4_58,036P_02.02.00.010_Katownik_125x29x4_58,1
558,0,036P,036P_02.01.00.000_Rama_modulu,036P_02.02.00.010_Katownik_125x29x4_58,036P_02.02.00.010_Katownik_125x29x4_58,1
559,0,036P,036P_02.02.01.000_Profil_transportera,036P_02.02.01.001_Blacha_UCFL_207,036P_02.02.01.001_Blacha_UCFL_207,1
560,0,036P,036P_02.02.01.000_Profil_transportera,036P_02.02.01.001_Blacha_UCFL_207,036P_02.02.01.001_Blacha_UCFL_207,1
561,0,036P,036P_02.02.01.000_Profil_transportera,036P_02.02.01.002_Profil_50x50x3_420,036P_02.02.01.002_Profil_50x50x3_420,1
562,0,036P,036P_02.02.01.000_Profil_transportera,036P_01.01.01.005_Blacha_wew,036P_01.01.01.005_Blacha_wew,1
563,0,036P,036P_02.02.01.000_Profil_transportera,036P_01.01.01.003_Plaskownik_kola,036P_01.01.01.003_Plaskownik_kola,1
564,0,036P,032P_01.03.00.000_Stopka_M16x150,032P_01.03.00.001_ Blacha_8x150x50,032P_01.03.00.001_ Blacha_8x150x50,1
565,0,036P,032P_01.03.00.000_Stopka_M16x150,DIN_6331_M16_CZ_KL10,DIN_6331_M16_CZ_KL10,1
566,0,036P,032P_01.03.00.000_Stopka_M16x150,032P_01.03.00.002_Pret_ M16x150_8.8,032P_01.03.00.002_Pret_ M16x150_8.8,1
567,0,036P,036P_02.02.00.00_Lancuch_12B-1RDx80_1524,12B-1RD_ogniwo_A,12B-1RD_ogniwo_A,1
568,0,036P,036P_02.02.00.00_Lancuch_12B-1RDx80_1524,12B-1RD_ogniwo_A,12B-1RD_ogniwo_A,1
569,0,036P,036P_02.02.00.00_Lancuch_12B-1RDx80_1524,12B-1RD_ogniwo_A,12B-1RD_ogniwo_A,1
570,0,036P,036P_02.02.00.00_Lancuch_12B-1RDx80_1524,12B-1RD_ogniwo_A,12B-1RD_ogniwo_A,1
571,0,036P,036P_02.02.00.00_Lancuch_12B-1RDx80_1524,12B-1RD_ogniwo_A,12B-1RD_ogniwo_A,1
572,0,036P,036P_02.02.00.00_Lancuch_12B-1RDx80_1524,12B-1RD_ogniwo_A,12B-1RD_ogniwo_A,1
573,0,036P,036P_02.02.00.00_Lancuch_12B-1RDx80_1524,12B-1RD_ogniwo_A,12B-1RD_ogniwo_A,1
574,0,036P,036P_02.02.00.00_Lancuch_12B-1RDx80_1524,12B-1RD_ogniwo_A,12B-1RD_ogniwo_A,1
575,0,036P,036P_02.02.00.00_Lancuch_12B-1RDx80_1524,12B-1RD_ogniwo_A,12B-1RD_ogniwo_A,1
576,0,036P,036P_02.02.00.00_Lancuch_12B-1RDx80_1524,12B-1RD_ogniwo_A,12B-1RD_ogniwo_A,1
577,0,036P,036P_02.02.00.00_Lancuch_12B-1RDx80_1524,12B-1RD_ogniwo_A,12B-1RD_ogniwo_A,1
578,0,036P,036P_02.02.00.00_Lancuch_12B-1RDx80_1524,12B-1RD_ogniwo_A,12B-1RD_ogniwo_A,1
579,0,036P,036P_02.02.00.00_Lancuch_12B-1RDx80_1524,12B-1RD_ogniwo_A,12B-1RD_ogniwo_A,1
580,0,036P,036P_02.02.00.00_Lancuch_12B-1RDx80_1524,12B-1RD_ogniwo_A,12B-1RD_ogniwo_A,1
581,0,036P,036P_02.02.00.00_Lancuch_12B-1RDx80_1524,12B-1RD_ogniwo_A,12B-1RD_ogniwo_A,1
582,0,036P,036P_02.02.00.00_Lancuch_12B-1RDx80_1524,12B-1RD_ogniwo_A,12B-1RD_ogniwo_A,1
583,0,036P,036P_02.02.00.00_Lancuch_12B-1RDx80_1524,12B-1RD_ogniwo_A,12B-1RD_ogniwo_A,1
584,0,036P,036P_02.02.00.00_Lancuch_12B-1RDx80_1524,12B-1RD_ogniwo_A,12B-1RD_ogniwo_A,1
585,0,036P,036P_02.02.00.00_Lancuch_12B-1RDx80_1524,12B-1RD_ogniwo_A,12B-1RD_ogniwo_A,1
586,0,036P,036P_02.02.00.00_Lancuch_12B-1RDx80_1524,12B-1RD_ogniwo_A,12B-1RD_ogniwo_A,1
587,0,036P,036P_02.02.00.00_Lancuch_12B-1RDx80_1524,12B-1RD_ogniwo_A,12B-1RD_ogniwo_A,1
588,0,036P,036P_02.02.00.00_Lancuch_12B-1RDx80_1524,12B-1RD_ogniwo_A,12B-1RD_ogniwo_A,1
589,0,036P,036P_02.02.00.00_Lancuch_12B-1RDx80_1524,12B-1RD_ogniwo_A,12B-1RD_ogniwo_A,1
590,0,036P,036P_02.02.00.00_Lancuch_12B-1RDx80_1524,12B-1RD_ogniwo_A,12B-1RD_ogniwo_A,1
591,0,036P,036P_02.02.00.00_Lancuch_12B-1RDx80_1524,12B-1RD_ogniwo_A,12B-1RD_ogniwo_A,1
592,0,036P,036P_02.02.00.00_Lancuch_12B-1RDx80_1524,12B-1RD_ogniwo_A,12B-1RD_ogniwo_A,1
593,0,036P,036P_02.02.00.00_Lancuch_12B-1RDx80_1524,12B-1RD_ogniwo_A,12B-1RD_ogniwo_A,1
594,0,036P,036P_02.02.00.00_Lancuch_12B-1RDx80_1524,12B-1RD_ogniwo_A,12B-1RD_ogniwo_A,1
595,0,036P,036P_02.02.00.00_Lancuch_12B-1RDx80_1524,12B-1RD_ogniwo_A,12B-1RD_ogniwo_A,1
596,0,036P,036P_02.02.00.00_Lancuch_12B-1RDx80_1524,12B-1RD_ogniwo_A,12B-1RD_ogniwo_A,1
597,0,036P,036P_02.02.00.00_Lancuch_12B-1RDx80_1524,12B-1RD_ogniwo_A,12B-1RD_ogniwo_A,1
598,0,036P,036P_02.02.00.00_Lancuch_12B-1RDx80_1524,12B-1RD_ogniwo_A,12B-1RD_ogniwo_A,1
599,0,036P,036P_02.02.00.00_Lancuch_12B-1RDx80_1524,12B-1RD_ogniwo_A,12B-1RD_ogniwo_A,1
600,0,036P,036P_02.02.00.00_Lancuch_12B-1RDx80_1524,12B-1RD_ogniwo_A,12B-1RD_ogniwo_A,1
601,0,036P,036P_02.02.00.00_Lancuch_12B-1RDx80_1524,12B-1RD_ogniwo_A,12B-1RD_ogniwo_A,1
602,0,036P,036P_02.02.00.00_Lancuch_12B-1RDx80_1524,12B-1RD_ogniwo_A,12B-1RD_ogniwo_A,1
603,0,036P,036P_02.02.00.00_Lancuch_12B-1RDx80_1524,12B-1RD_ogniwo_A,12B-1RD_ogniwo_A,1
604,0,036P,036P_02.02.00.00_Lancuch_12B-1RDx80_1524,12B-1RD_ogniwo_A,12B-1RD_ogniwo_A,1
605,0,036P,036P_02.02.00.00_Lancuch_12B-1RDx80_1524,12B-1RD_ogniwo_A,12B-1RD_ogniwo_A,1
606,0,036P,036P_02.02.00.00_Lancuch_12B-1RDx80_1524,12B-1RD_ogniwo_B,12B-1RD_ogniwo_B,1
607,0,036P,036P_02.02.00.00_Lancuch_12B-1RDx80_1524,12B-1RD_ogniwo_B,12B-1RD_ogniwo_B,1
608,0,036P,036P_02.02.00.00_Lancuch_12B-1RDx80_1524,12B-1RD_ogniwo_B,12B-1RD_ogniwo_B,1
609,0,036P,036P_02.02.00.00_Lancuch_12B-1RDx80_1524,12B-1RD_ogniwo_B,12B-1RD_ogniwo_B,1
610,0,036P,036P_02.02.00.00_Lancuch_12B-1RDx80_1524,12B-1RD_ogniwo_B,12B-1RD_ogniwo_B,1
611,0,036P,036P_02.02.00.00_Lancuch_12B-1RDx80_1524,12B-1RD_ogniwo_B,12B-1RD_ogniwo_B,1
612,0,036P,036P_02.02.00.00_Lancuch_12B-1RDx80_1524,12B-1RD_ogniwo_B,12B-1RD_ogniwo_B,1
613,0,036P,036P_02.02.00.00_Lancuch_12B-1RDx80_1524,12B-1RD_ogniwo_B,12B-1RD_ogniwo_B,1
614,0,036P,036P_02.02.00.00_Lancuch_12B-1RDx80_1524,12B-1RD_ogniwo_B,12B-1RD_ogniwo_B,1
615,0,036P,036P_02.02.00.00_Lancuch_12B-1RDx80_1524,12B-1RD_ogniwo_B,12B-1RD_ogniwo_B,1
616,0,036P,036P_02.02.00.00_Lancuch_12B-1RDx80_1524,12B-1RD_ogniwo_B,12B-1RD_ogniwo_B,1
617,0,036P,036P_02.02.00.00_Lancuch_12B-1RDx80_1524,12B-1RD_ogniwo_B,12B-1RD_ogniwo_B,1
618,0,036P,036P_02.02.00.00_Lancuch_12B-1RDx80_1524,12B-1RD_ogniwo_B,12B-1RD_ogniwo_B,1
619,0,036P,036P_02.02.00.00_Lancuch_12B-1RDx80_1524,12B-1RD_ogniwo_B,12B-1RD_ogniwo_B,1
620,0,036P,036P_02.02.00.00_Lancuch_12B-1RDx80_1524,12B-1RD_ogniwo_B,12B-1RD_ogniwo_B,1
621,0,036P,036P_02.02.00.00_Lancuch_12B-1RDx80_1524,12B-1RD_ogniwo_B,12B-1RD_ogniwo_B,1
622,0,036P,036P_02.02.00.00_Lancuch_12B-1RDx80_1524,12B-1RD_ogniwo_B,12B-1RD_ogniwo_B,1
623,0,036P,036P_02.02.00.00_Lancuch_12B-1RDx80_1524,12B-1RD_ogniwo_B,12B-1RD_ogniwo_B,1
624,0,036P,036P_02.02.00.00_Lancuch_12B-1RDx80_1524,12B-1RD_ogniwo_B,12B-1RD_ogniwo_B,1
625,0,036P,036P_02.02.00.00_Lancuch_12B-1RDx80_1524,12B-1RD_ogniwo_B,12B-1RD_ogniwo_B,1
626,0,036P,036P_02.02.00.00_Lancuch_12B-1RDx80_1524,12B-1RD_ogniwo_B,12B-1RD_ogniwo_B,1
627,0,036P,036P_02.02.00.00_Lancuch_12B-1RDx80_1524,12B-1RD_ogniwo_B,12B-1RD_ogniwo_B,1
628,0,036P,036P_02.02.00.00_Lancuch_12B-1RDx80_1524,12B-1RD_ogniwo_B,12B-1RD_ogniwo_B,1
629,0,036P,036P_02.02.00.00_Lancuch_12B-1RDx80_1524,12B-1RD_ogniwo_B,12B-1RD_ogniwo_B,1
630,0,036P,036P_02.02.00.00_Lancuch_12B-1RDx80_1524,12B-1RD_ogniwo_B,12B-1RD_ogniwo_B,1
631,0,036P,036P_02.02.00.00_Lancuch_12B-1RDx80_1524,12B-1RD_ogniwo_B,12B-1RD_ogniwo_B,1
632,0,036P,036P_02.02.00.00_Lancuch_12B-1RDx80_1524,12B-1RD_ogniwo_B,12B-1RD_ogniwo_B,1
633,0,036P,036P_02.02.00.00_Lancuch_12B-1RDx80_1524,12B-1RD_ogniwo_B,12B-1RD_ogniwo_B,1
634,0,036P,036P_02.02.00.00_Lancuch_12B-1RDx80_1524,12B-1RD_ogniwo_B,12B-1RD_ogniwo_B,1
635,0,036P,036P_02.02.00.00_Lancuch_12B-1RDx80_1524,12B-1RD_ogniwo_B,12B-1RD_ogniwo_B,1
636,0,036P,036P_02.02.00.00_Lancuch_12B-1RDx80_1524,12B-1RD_ogniwo_B,12B-1RD_ogniwo_B,1
637,0,036P,036P_02.02.00.00_Lancuch_12B-1RDx80_1524,12B-1RD_ogniwo_B,12B-1RD_ogniwo_B,1
638,0,036P,036P_02.02.00.00_Lancuch_12B-1RDx80_1524,12B-1RD_ogniwo_B,12B-1RD_ogniwo_B,1
639,0,036P,036P_02.02.00.00_Lancuch_12B-1RDx80_1524,12B-1RD_ogniwo_B,12B-1RD_ogniwo_B,1
640,0,036P,036P_02.02.00.00_Lancuch_12B-1RDx80_1524,12B-1RD_ogniwo_B,12B-1RD_ogniwo_B,1
641,0,036P,036P_02.02.00.00_Lancuch_12B-1RDx80_1524,12B-1RD_ogniwo_A,12B-1RD_ogniwo_A,1
642,0,036P,036P_02.02.00.00_Lancuch_12B-1RDx80_1524,12B-1RD_ogniwo_B,12B-1RD_ogniwo_B,1
643,0,036P,036P_02.02.00.00_Lancuch_12B-1RDx80_1524,12B-1RD_ogniwo_B,12B-1RD_ogniwo_B,1
644,0,036P,036P_02.02.00.00_Lancuch_12B-1RDx80_1524,12B-1RD_ogniwo_B,12B-1RD_ogniwo_B,1
645,0,036P,036P_02.02.00.00_Lancuch_12B-1RDx80_1524,12B-1RD_ogniwo_B,12B-1RD_ogniwo_B,1
646,0,036P,036P_02.02.00.00_Lancuch_12B-1RDx80_1524,12B-1RD_ogniwo_B,12B-1RD_ogniwo_B,1
647,0,036P,036P_03.00.00.000_Oprawa_dzielona_fi30,036P_03.00.00.001_Kostka_oprawy,036P_03.00.00.001_Kostka_oprawy,1
648,0,036P,036P_03.00.00.000_Oprawa_dzielona_fi30,DIN_985_M12_Zn_KL8,DIN_985_M12_Zn_KL8,1
649,0,036P,036P_03.00.00.000_Oprawa_dzielona_fi30,036P_03.00.00.001_Kostka_oprawy,036P_03.00.00.001_Kostka_oprawy,1
650,0,036P,036P_03.00.00.000_Oprawa_dzielona_fi30,DIN_125_M12_Zn_HV200,DIN_125_M12_Zn_HV200,1
651,0,036P,036P_03.00.00.000_Oprawa_dzielona_fi30,036P_03.00.00.002_Plaskownik,036P_03.00.00.002_Plaskownik,1
652,0,036P,036P_03.00.00.000_Oprawa_dzielona_fi30,DIN_125_M12_Zn_HV200,DIN_125_M12_Zn_HV200,1
653,0,036P,036P_03.00.00.000_Oprawa_dzielona_fi30,DIN_985_M12_Zn_KL8,DIN_985_M12_Zn_KL8,1
654,0,036P,036P_03.00.00.000_Oprawa_dzielona_fi30,DIN_125_M12_Zn_HV200,DIN_125_M12_Zn_HV200,1
655,0,036P,036P_03.00.00.000_Oprawa_dzielona_fi30,DIN_125_M12_Zn_HV200,DIN_125_M12_Zn_HV200,1
656,0,036P,036P_03.00.00.000_Oprawa_dzielona_fi30,DIN_931_M12x100_Zn_KL8.8,DIN_931_M12x100_Zn_KL8.8,1
657,0,036P,036P_03.00.00.000_Oprawa_dzielona_fi30,DIN_931_M12x100_Zn_KL8.8,DIN_931_M12x100_Zn_KL8.8,1
658,1,036P,036P_01.00.00.000M_Modul_lancuchowy_podnoszony,036P_01.01.00.000M_Profil_modulu_lancuch,036P_01.01.00.000M_Profil_modulu_lancuch,1
659,0,036P,036P_01.00.00.000M_Modul_lancuchowy_podnoszony,DIN_933_M10x30_Zn_KL8.8,DIN_933_M10x30_Zn_KL8.8,1
660,0,036P,036P_01.00.00.000M_Modul_lancuchowy_podnoszony,DIN_127_M10_Zn_HV200,DIN_127_M10_Zn_HV200,1
661,0,036P,036P_01.00.00.000M_Modul_lancuchowy_podnoszony,DIN_9021_M10_Zn_HV200,DIN_9021_M10_Zn_HV200,1
662,0,036P,036P_01.00.00.000M_Modul_lancuchowy_podnoszony,"036P_01.00.00.006_Tulejka_21,3x2,6x14","036P_01.00.00.006_Tulejka_21,3x2,6x14",1
663,0,036P,036P_01.00.00.000M_Modul_lancuchowy_podnoszony,DIN_127_M10_Zn_HV200,DIN_127_M10_Zn_HV200,1
664,0,036P,036P_01.00.00.000M_Modul_lancuchowy_podnoszony,DIN_127_M10_Zn_HV200,DIN_127_M10_Zn_HV200,1
665,0,036P,036P_01.00.00.000M_Modul_lancuchowy_podnoszony,DIN_127_M10_Zn_HV200,DIN_127_M10_Zn_HV200,1
666,0,036P,036P_01.00.00.000M_Modul_lancuchowy_podnoszony,DIN_933_M10x30_Zn_KL8.8,DIN_933_M10x30_Zn_KL8.8,1
667,0,036P,036P_01.00.00.000M_Modul_lancuchowy_podnoszony,DIN_931_M16x100_Zn_KL8.8,DIN_931_M16x100_Zn_KL8.8,1
668,0,036P,036P_01.00.00.000M_Modul_lancuchowy_podnoszony,036P_01.00.00.005_Tulejka_16x10x13,036P_01.00.00.005_Tulejka_16x10x13,1
669,0,036P,036P_01.00.00.000M_Modul_lancuchowy_podnoszony,036P_01.00.00.005_Tulejka_16x10x13,036P_01.00.00.005_Tulejka_16x10x13,1
670,0,036P,036P_01.00.00.000M_Modul_lancuchowy_podnoszony,DIN_985_M16_Zn_KL8,DIN_985_M16_Zn_KL8,1
671,0,036P,036P_01.00.00.000M_Modul_lancuchowy_podnoszony,DIN_125_M16_Zn_HV200,DIN_125_M16_Zn_HV200,1
672,0,036P,036P_01.00.00.000M_Modul_lancuchowy_podnoszony,DIN_125_M16_Zn_HV200,DIN_125_M16_Zn_HV200,1
673,0,036P,036P_01.00.00.000M_Modul_lancuchowy_podnoszony,036P_01.00.00.003_Kolo_lancuchowe_z_piasta_12B-1_z22,036P_01.00.00.003_Kolo_lancuchowe_z_piasta_12B-1_z22,1
674,0,036P,036P_01.00.00.000M_Modul_lancuchowy_podnoszony,"036P_01.00.00.006_Tulejka_21,3x2,6x14","036P_01.00.00.006_Tulejka_21,3x2,6x14",1
675,0,036P,036P_01.00.00.000M_Modul_lancuchowy_podnoszony,036P_01.00.00.004_Prowadnica_lancuchowa_12B-1_H15_DIN8187,036P_01.00.00.004_Prowadnica_lancuchowa_12B-1_H15_DIN8187,1
676,0,036P,036P_01.00.00.000M_Modul_lancuchowy_podnoszony,DIN_933_M10x30_Zn_KL8.8,DIN_933_M10x30_Zn_KL8.8,1
677,0,036P,036P_01.00.00.000M_Modul_lancuchowy_podnoszony,DIN_933_M10x30_Zn_KL8.8,DIN_933_M10x30_Zn_KL8.8,1
678,0,036P,036P_01.00.00.000M_Modul_lancuchowy_podnoszony,DIN_9021_M10_Zn_HV200,DIN_9021_M10_Zn_HV200,1
679,0,036P,036P_01.00.00.000M_Modul_lancuchowy_podnoszony,DIN_9021_M10_Zn_HV200,DIN_9021_M10_Zn_HV200,1
680,0,036P,036P_01.00.00.000M_Modul_lancuchowy_podnoszony,DIN_9021_M10_Zn_HV200,DIN_9021_M10_Zn_HV200,1
681,0,036P,036P_01.00.00.000M_Modul_lancuchowy_podnoszony,036P_01.00.00.005_Tulejka_16x10x13,036P_01.00.00.005_Tulejka_16x10x13,1
682,0,036P,036P_01.00.00.000M_Modul_lancuchowy_podnoszony,036P_01.00.00.005_Tulejka_16x10x13,036P_01.00.00.005_Tulejka_16x10x13,1
683,0,036P,036P_01.00.00.000M_Modul_lancuchowy_podnoszony,Podkladka_Schnorr_S5_Zn,Podkladka_Schnorr_S5_Zn,1
684,0,036P,036P_01.00.00.000M_Modul_lancuchowy_podnoszony,DIN_985_M20_Zn_KL8,DIN_985_M20_Zn_KL8,1
685,0,036P,036P_01.00.00.000M_Modul_lancuchowy_podnoszony,DIN_7984_M5x20_Zn_KL8.8,DIN_7984_M5x20_Zn_KL8.8,1
686,0,036P,036P_01.00.00.000M_Modul_lancuchowy_podnoszony,Podkladka_Schnorr_S5_Zn,Podkladka_Schnorr_S5_Zn,1
687,0,036P,036P_01.00.00.000M_Modul_lancuchowy_podnoszony,DIN_7984_M5x20_Zn_KL8.8,DIN_7984_M5x20_Zn_KL8.8,1
688,0,036P,036P_01.00.00.000M_Modul_lancuchowy_podnoszony,Podkladka_Schnorr_S5_Zn,Podkladka_Schnorr_S5_Zn,1
689,0,036P,036P_01.00.00.000M_Modul_lancuchowy_podnoszony,DIN_7984_M5x20_Zn_KL8.8,DIN_7984_M5x20_Zn_KL8.8,1
690,0,036P,036P_01.00.00.000M_Modul_lancuchowy_podnoszony,Podkladka_Schnorr_S5_Zn,Podkladka_Schnorr_S5_Zn,1
691,0,036P,036P_01.00.00.000M_Modul_lancuchowy_podnoszony,DIN_7984_M5x20_Zn_KL8.8,DIN_7984_M5x20_Zn_KL8.8,1
692,0,036P,036P_01.00.00.000M_Modul_lancuchowy_podnoszony,Zespol_lozyskowy_UCFL_207,Zespol_lozyskowy_UCFL_207,1
693,1,036P,036P_01.00.00.000M_Modul_lancuchowy_podnoszony,"036P_01.02.00.000_Lancuch_12B-1RDx98_1866,9","036P_01.02.00.000_Lancuch_12B-1RDx98_1866,9",1
694,0,036P,036P_01.00.00.000M_Modul_lancuchowy_podnoszony,DIN_934_M10_Zn_KL8,DIN_934_M10_Zn_KL8,1
695,0,036P,036P_01.00.00.000M_Modul_lancuchowy_podnoszony,DIN_933_M20x70_Zn_KL8.8,DIN_933_M20x70_Zn_KL8.8,1
696,0,036P,036P_01.00.00.000M_Modul_lancuchowy_podnoszony,DIN_9021_M20_Zn_HV200,DIN_9021_M20_Zn_HV200,1
697,0,036P,036P_01.00.00.000M_Modul_lancuchowy_podnoszony,DIN_9021_M10_Zn_HV200,DIN_9021_M10_Zn_HV200,1
698,0,036P,036P_01.00.00.000M_Modul_lancuchowy_podnoszony,036P_01.00.00.002_Sruba_M10_spec,036P_01.00.00.002_Sruba_M10_spec,1
699,0,036P,036P_01.00.00.000M_Modul_lancuchowy_podnoszony,DIN_125_M20_Zn_HV200,DIN_125_M20_Zn_HV200,1
700,0,036P,036P_01.00.00.000M_Modul_lancuchowy_podnoszony,Zespol_lozyskowy_UCFL_207,Zespol_lozyskowy_UCFL_207,1
701,0,036P,036P_01.00.00.000M_Modul_lancuchowy_podnoszony,Tuleja_zaciskowa_BK13-35x60,Tuleja_zaciskowa_BK13-35x60,1
702,0,036P,036P_01.00.00.000M_Modul_lancuchowy_podnoszony,036P_01.00.00.001_Kolo_gladkie_12B-1,036P_01.00.00.001_Kolo_gladkie_12B-1,1
703,0,036P,036P_01.01.00.000M_Profil_modulu_lancuch,036P_01.01.00.001_Blacha_UCFL_207,036P_01.01.00.001_Blacha_UCFL_207,1
704,0,036P,036P_01.01.00.000M_Profil_modulu_lancuch,036P_01.01.00.001_Blacha_UCFL_207,036P_01.01.00.001_Blacha_UCFL_207,1
705,0,036P,036P_01.01.00.000M_Profil_modulu_lancuch,036P_01.01.00.002M_Profil_50x50x3_600,036P_01.01.00.002M_Profil_50x50x3_600,1
706,0,036P,036P_01.01.00.000M_Profil_modulu_lancuch,036P_01.01.01.003_Plaskownik_kola,036P_01.01.01.003_Plaskownik_kola,1
707,0,036P,036P_01.01.00.000M_Profil_modulu_lancuch,036P_01.01.00.004_Ceownik_55x35x5_55,036P_01.01.00.004_Ceownik_55x35x5_55,1
708,0,036P,036P_01.01.00.000M_Profil_modulu_lancuch,036P_01.01.01.005_Blacha_wew,036P_01.01.01.005_Blacha_wew,1
709,0,036P,"036P_01.02.00.000_Lancuch_12B-1RDx98_1866,9",12B-1RD_ogniwo_A,12B-1RD_ogniwo_A,1
710,0,036P,"036P_01.02.00.000_Lancuch_12B-1RDx98_1866,9",12B-1RD_ogniwo_B,12B-1RD_ogniwo_B,1
711,0,036P,"036P_01.02.00.000_Lancuch_12B-1RDx98_1866,9",12B-1RD_ogniwo_A,12B-1RD_ogniwo_A,1
712,0,036P,"036P_01.02.00.000_Lancuch_12B-1RDx98_1866,9",12B-1RD_ogniwo_B,12B-1RD_ogniwo_B,1
713,0,036P,"036P_01.02.00.000_Lancuch_12B-1RDx98_1866,9",12B-1RD_ogniwo_A,12B-1RD_ogniwo_A,1
714,0,036P,"036P_01.02.00.000_Lancuch_12B-1RDx98_1866,9",12B-1RD_ogniwo_A,12B-1RD_ogniwo_A,1
715,0,036P,"036P_01.02.00.000_Lancuch_12B-1RDx98_1866,9",12B-1RD_ogniwo_A,12B-1RD_ogniwo_A,1
716,0,036P,"036P_01.02.00.000_Lancuch_12B-1RDx98_1866,9",12B-1RD_ogniwo_A,12B-1RD_ogniwo_A,1
717,0,036P,"036P_01.02.00.000_Lancuch_12B-1RDx98_1866,9",12B-1RD_ogniwo_A,12B-1RD_ogniwo_A,1
718,0,036P,"036P_01.02.00.000_Lancuch_12B-1RDx98_1866,9",12B-1RD_ogniwo_A,12B-1RD_ogniwo_A,1
719,0,036P,"036P_01.02.00.000_Lancuch_12B-1RDx98_1866,9",12B-1RD_ogniwo_A,12B-1RD_ogniwo_A,1
720,0,036P,"036P_01.02.00.000_Lancuch_12B-1RDx98_1866,9",12B-1RD_ogniwo_A,12B-1RD_ogniwo_A,1
721,0,036P,"036P_01.02.00.000_Lancuch_12B-1RDx98_1866,9",12B-1RD_ogniwo_A,12B-1RD_ogniwo_A,1
722,0,036P,"036P_01.02.00.000_Lancuch_12B-1RDx98_1866,9",12B-1RD_ogniwo_A,12B-1RD_ogniwo_A,1
723,0,036P,"036P_01.02.00.000_Lancuch_12B-1RDx98_1866,9",12B-1RD_ogniwo_A,12B-1RD_ogniwo_A,1
724,0,036P,"036P_01.02.00.000_Lancuch_12B-1RDx98_1866,9",12B-1RD_ogniwo_A,12B-1RD_ogniwo_A,1
725,0,036P,"036P_01.02.00.000_Lancuch_12B-1RDx98_1866,9",12B-1RD_ogniwo_A,12B-1RD_ogniwo_A,1
726,0,036P,"036P_01.02.00.000_Lancuch_12B-1RDx98_1866,9",12B-1RD_ogniwo_A,12B-1RD_ogniwo_A,1
727,0,036P,"036P_01.02.00.000_Lancuch_12B-1RDx98_1866,9",12B-1RD_ogniwo_A,12B-1RD_ogniwo_A,1
728,0,036P,"036P_01.02.00.000_Lancuch_12B-1RDx98_1866,9",12B-1RD_ogniwo_A,12B-1RD_ogniwo_A,1
729,0,036P,"036P_01.02.00.000_Lancuch_12B-1RDx98_1866,9",12B-1RD_ogniwo_A,12B-1RD_ogniwo_A,1
730,0,036P,"036P_01.02.00.000_Lancuch_12B-1RDx98_1866,9",12B-1RD_ogniwo_A,12B-1RD_ogniwo_A,1
731,0,036P,"036P_01.02.00.000_Lancuch_12B-1RDx98_1866,9",12B-1RD_ogniwo_A,12B-1RD_ogniwo_A,1
732,0,036P,"036P_01.02.00.000_Lancuch_12B-1RDx98_1866,9",12B-1RD_ogniwo_A,12B-1RD_ogniwo_A,1
733,0,036P,"036P_01.02.00.000_Lancuch_12B-1RDx98_1866,9",12B-1RD_ogniwo_A,12B-1RD_ogniwo_A,1
734,0,036P,"036P_01.02.00.000_Lancuch_12B-1RDx98_1866,9",12B-1RD_ogniwo_A,12B-1RD_ogniwo_A,1
735,0,036P,"036P_01.02.00.000_Lancuch_12B-1RDx98_1866,9",12B-1RD_ogniwo_A,12B-1RD_ogniwo_A,1
736,0,036P,"036P_01.02.00.000_Lancuch_12B-1RDx98_1866,9",12B-1RD_ogniwo_A,12B-1RD_ogniwo_A,1
737,0,036P,"036P_01.02.00.000_Lancuch_12B-1RDx98_1866,9",12B-1RD_ogniwo_A,12B-1RD_ogniwo_A,1
738,0,036P,"036P_01.02.00.000_Lancuch_12B-1RDx98_1866,9",12B-1RD_ogniwo_A,12B-1RD_ogniwo_A,1
739,0,036P,"036P_01.02.00.000_Lancuch_12B-1RDx98_1866,9",12B-1RD_ogniwo_A,12B-1RD_ogniwo_A,1
740,0,036P,"036P_01.02.00.000_Lancuch_12B-1RDx98_1866,9",12B-1RD_ogniwo_A,12B-1RD_ogniwo_A,1
741,0,036P,"036P_01.02.00.000_Lancuch_12B-1RDx98_1866,9",12B-1RD_ogniwo_A,12B-1RD_ogniwo_A,1
742,0,036P,"036P_01.02.00.000_Lancuch_12B-1RDx98_1866,9",12B-1RD_ogniwo_A,12B-1RD_ogniwo_A,1
743,0,036P,"036P_01.02.00.000_Lancuch_12B-1RDx98_1866,9",12B-1RD_ogniwo_A,12B-1RD_ogniwo_A,1
744,0,036P,"036P_01.02.00.000_Lancuch_12B-1RDx98_1866,9",12B-1RD_ogniwo_A,12B-1RD_ogniwo_A,1
745,0,036P,"036P_01.02.00.000_Lancuch_12B-1RDx98_1866,9",12B-1RD_ogniwo_A,12B-1RD_ogniwo_A,1
746,0,036P,"036P_01.02.00.000_Lancuch_12B-1RDx98_1866,9",12B-1RD_ogniwo_A,12B-1RD_ogniwo_A,1
747,0,036P,"036P_01.02.00.000_Lancuch_12B-1RDx98_1866,9",12B-1RD_ogniwo_A,12B-1RD_ogniwo_A,1
748,0,036P,"036P_01.02.00.000_Lancuch_12B-1RDx98_1866,9",12B-1RD_ogniwo_A,12B-1RD_ogniwo_A,1
749,0,036P,"036P_01.02.00.000_Lancuch_12B-1RDx98_1866,9",12B-1RD_ogniwo_A,12B-1RD_ogniwo_A,1
750,0,036P,"036P_01.02.00.000_Lancuch_12B-1RDx98_1866,9",12B-1RD_ogniwo_A,12B-1RD_ogniwo_A,1
751,0,036P,"036P_01.02.00.000_Lancuch_12B-1RDx98_1866,9",12B-1RD_ogniwo_A,12B-1RD_ogniwo_A,1
752,0,036P,"036P_01.02.00.000_Lancuch_12B-1RDx98_1866,9",12B-1RD_ogniwo_A,12B-1RD_ogniwo_A,1
753,0,036P,"036P_01.02.00.000_Lancuch_12B-1RDx98_1866,9",12B-1RD_ogniwo_A,12B-1RD_ogniwo_A,1
754,0,036P,"036P_01.02.00.000_Lancuch_12B-1RDx98_1866,9",12B-1RD_ogniwo_A,12B-1RD_ogniwo_A,1
755,0,036P,"036P_01.02.00.000_Lancuch_12B-1RDx98_1866,9",12B-1RD_ogniwo_A,12B-1RD_ogniwo_A,1
756,0,036P,"036P_01.02.00.000_Lancuch_12B-1RDx98_1866,9",12B-1RD_ogniwo_A,12B-1RD_ogniwo_A,1
757,0,036P,"036P_01.02.00.000_Lancuch_12B-1RDx98_1866,9",12B-1RD_ogniwo_A,12B-1RD_ogniwo_A,1
758,0,036P,"036P_01.02.00.000_Lancuch_12B-1RDx98_1866,9",12B-1RD_ogniwo_B,12B-1RD_ogniwo_B,1
759,0,036P,"036P_01.02.00.000_Lancuch_12B-1RDx98_1866,9",12B-1RD_ogniwo_B,12B-1RD_ogniwo_B,1
760,0,036P,"036P_01.02.00.000_Lancuch_12B-1RDx98_1866,9",12B-1RD_ogniwo_B,12B-1RD_ogniwo_B,1
761,0,036P,"036P_01.02.00.000_Lancuch_12B-1RDx98_1866,9",12B-1RD_ogniwo_B,12B-1RD_ogniwo_B,1
762,0,036P,"036P_01.02.00.000_Lancuch_12B-1RDx98_1866,9",12B-1RD_ogniwo_B,12B-1RD_ogniwo_B,1
763,0,036P,"036P_01.02.00.000_Lancuch_12B-1RDx98_1866,9",12B-1RD_ogniwo_B,12B-1RD_ogniwo_B,1
764,0,036P,"036P_01.02.00.000_Lancuch_12B-1RDx98_1866,9",12B-1RD_ogniwo_B,12B-1RD_ogniwo_B,1
765,0,036P,"036P_01.02.00.000_Lancuch_12B-1RDx98_1866,9",12B-1RD_ogniwo_B,12B-1RD_ogniwo_B,1
766,0,036P,"036P_01.02.00.000_Lancuch_12B-1RDx98_1866,9",12B-1RD_ogniwo_B,12B-1RD_ogniwo_B,1
767,0,036P,"036P_01.02.00.000_Lancuch_12B-1RDx98_1866,9",12B-1RD_ogniwo_B,12B-1RD_ogniwo_B,1
768,0,036P,"036P_01.02.00.000_Lancuch_12B-1RDx98_1866,9",12B-1RD_ogniwo_B,12B-1RD_ogniwo_B,1
769,0,036P,"036P_01.02.00.000_Lancuch_12B-1RDx98_1866,9",12B-1RD_ogniwo_B,12B-1RD_ogniwo_B,1
770,0,036P,"036P_01.02.00.000_Lancuch_12B-1RDx98_1866,9",12B-1RD_ogniwo_B,12B-1RD_ogniwo_B,1
771,0,036P,"036P_01.02.00.000_Lancuch_12B-1RDx98_1866,9",12B-1RD_ogniwo_B,12B-1RD_ogniwo_B,1
772,0,036P,"036P_01.02.00.000_Lancuch_12B-1RDx98_1866,9",12B-1RD_ogniwo_B,12B-1RD_ogniwo_B,1
773,0,036P,"036P_01.02.00.000_Lancuch_12B-1RDx98_1866,9",12B-1RD_ogniwo_B,12B-1RD_ogniwo_B,1
774,0,036P,"036P_01.02.00.000_Lancuch_12B-1RDx98_1866,9",12B-1RD_ogniwo_B,12B-1RD_ogniwo_B,1
775,0,036P,"036P_01.02.00.000_Lancuch_12B-1RDx98_1866,9",12B-1RD_ogniwo_B,12B-1RD_ogniwo_B,1
776,0,036P,"036P_01.02.00.000_Lancuch_12B-1RDx98_1866,9",12B-1RD_ogniwo_B,12B-1RD_ogniwo_B,1
777,0,036P,"036P_01.02.00.000_Lancuch_12B-1RDx98_1866,9",12B-1RD_ogniwo_B,12B-1RD_ogniwo_B,1
778,0,036P,"036P_01.02.00.000_Lancuch_12B-1RDx98_1866,9",12B-1RD_ogniwo_B,12B-1RD_ogniwo_B,1
779,0,036P,"036P_01.02.00.000_Lancuch_12B-1RDx98_1866,9",12B-1RD_ogniwo_B,12B-1RD_ogniwo_B,1
780,0,036P,"036P_01.02.00.000_Lancuch_12B-1RDx98_1866,9",12B-1RD_ogniwo_B,12B-1RD_ogniwo_B,1
781,0,036P,"036P_01.02.00.000_Lancuch_12B-1RDx98_1866,9",12B-1RD_ogniwo_B,12B-1RD_ogniwo_B,1
782,0,036P,"036P_01.02.00.000_Lancuch_12B-1RDx98_1866,9",12B-1RD_ogniwo_B,12B-1RD_ogniwo_B,1
783,0,036P,"036P_01.02.00.000_Lancuch_12B-1RDx98_1866,9",12B-1RD_ogniwo_B,12B-1RD_ogniwo_B,1
784,0,036P,"036P_01.02.00.000_Lancuch_12B-1RDx98_1866,9",12B-1RD_ogniwo_B,12B-1RD_ogniwo_B,1
785,0,036P,"036P_01.02.00.000_Lancuch_12B-1RDx98_1866,9",12B-1RD_ogniwo_B,12B-1RD_ogniwo_B,1
786,0,036P,"036P_01.02.00.000_Lancuch_12B-1RDx98_1866,9",12B-1RD_ogniwo_B,12B-1RD_ogniwo_B,1
787,0,036P,"036P_01.02.00.000_Lancuch_12B-1RDx98_1866,9",12B-1RD_ogniwo_B,12B-1RD_ogniwo_B,1
788,0,036P,"036P_01.02.00.000_Lancuch_12B-1RDx98_1866,9",12B-1RD_ogniwo_B,12B-1RD_ogniwo_B,1
789,0,036P,"036P_01.02.00.000_Lancuch_12B-1RDx98_1866,9",12B-1RD_ogniwo_B,12B-1RD_ogniwo_B,1
790,0,036P,"036P_01.02.00.000_Lancuch_12B-1RDx98_1866,9",12B-1RD_ogniwo_B,12B-1RD_ogniwo_B,1
791,0,036P,"036P_01.02.00.000_Lancuch_12B-1RDx98_1866,9",12B-1RD_ogniwo_B,12B-1RD_ogniwo_B,1
792,0,036P,"036P_01.02.00.000_Lancuch_12B-1RDx98_1866,9",12B-1RD_ogniwo_B,12B-1RD_ogniwo_B,1
793,0,036P,"036P_01.02.00.000_Lancuch_12B-1RDx98_1866,9",12B-1RD_ogniwo_B,12B-1RD_ogniwo_B,1
794,0,036P,"036P_01.02.00.000_Lancuch_12B-1RDx98_1866,9",12B-1RD_ogniwo_B,12B-1RD_ogniwo_B,1
795,0,036P,"036P_01.02.00.000_Lancuch_12B-1RDx98_1866,9",12B-1RD_ogniwo_B,12B-1RD_ogniwo_B,1
796,0,036P,"036P_01.02.00.000_Lancuch_12B-1RDx98_1866,9",12B-1RD_ogniwo_B,12B-1RD_ogniwo_B,1
797,0,036P,"036P_01.02.00.000_Lancuch_12B-1RDx98_1866,9",12B-1RD_ogniwo_B,12B-1RD_ogniwo_B,1
798,0,036P,"036P_01.02.00.000_Lancuch_12B-1RDx98_1866,9",12B-1RD_ogniwo_B,12B-1RD_ogniwo_B,1
799,0,036P,"036P_01.02.00.000_Lancuch_12B-1RDx98_1866,9",12B-1RD_ogniwo_B,12B-1RD_ogniwo_B,1
800,0,036P,"036P_01.02.00.000_Lancuch_12B-1RDx98_1866,9",12B-1RD_ogniwo_B,12B-1RD_ogniwo_B,1
801,0,036P,"036P_01.02.00.000_Lancuch_12B-1RDx98_1866,9",12B-1RD_ogniwo_B,12B-1RD_ogniwo_B,1
802,0,036P,"036P_01.02.00.000_Lancuch_12B-1RDx98_1866,9",12B-1RD_ogniwo_B,12B-1RD_ogniwo_B,1
803,0,036P,"036P_01.02.00.000_Lancuch_12B-1RDx98_1866,9",12B-1RD_ogniwo_A,12B-1RD_ogniwo_A,1
804,0,036P,"036P_01.02.00.000_Lancuch_12B-1RDx98_1866,9",12B-1RD_ogniwo_B,12B-1RD_ogniwo_B,1
805,0,036P,"036P_01.02.00.000_Lancuch_12B-1RDx98_1866,9",12B-1RD_ogniwo_A,12B-1RD_ogniwo_A,1
806,0,036P,"036P_01.02.00.000_Lancuch_12B-1RDx98_1866,9",12B-1RD_ogniwo_B,12B-1RD_ogniwo_B,1
807,1,036P,036P_01.00.00.000_Modul_lancuchowy_podnoszony,036P_01.01.00.000_Profil_modulu_lancuch,036P_01.01.00.000_Profil_modulu_lancuch,1
808,0,036P,036P_01.00.00.000_Modul_lancuchowy_podnoszony,DIN_933_M10x30_Zn_KL8.8,DIN_933_M10x30_Zn_KL8.8,1
809,0,036P,036P_01.00.00.000_Modul_lancuchowy_podnoszony,DIN_127_M10_Zn_HV200,DIN_127_M10_Zn_HV200,1
810,0,036P,036P_01.00.00.000_Modul_lancuchowy_podnoszony,DIN_9021_M10_Zn_HV200,DIN_9021_M10_Zn_HV200,1
811,0,036P,036P_01.00.00.000_Modul_lancuchowy_podnoszony,"036P_01.00.00.006_Tulejka_21,3x2,6x14","036P_01.00.00.006_Tulejka_21,3x2,6x14",1
812,0,036P,036P_01.00.00.000_Modul_lancuchowy_podnoszony,DIN_127_M10_Zn_HV200,DIN_127_M10_Zn_HV200,1
813,0,036P,036P_01.00.00.000_Modul_lancuchowy_podnoszony,DIN_127_M10_Zn_HV200,DIN_127_M10_Zn_HV200,1
814,0,036P,036P_01.00.00.000_Modul_lancuchowy_podnoszony,DIN_127_M10_Zn_HV200,DIN_127_M10_Zn_HV200,1
815,0,036P,036P_01.00.00.000_Modul_lancuchowy_podnoszony,DIN_933_M10x30_Zn_KL8.8,DIN_933_M10x30_Zn_KL8.8,1
816,0,036P,036P_01.00.00.000_Modul_lancuchowy_podnoszony,DIN_931_M16x100_Zn_KL8.8,DIN_931_M16x100_Zn_KL8.8,1
817,0,036P,036P_01.00.00.000_Modul_lancuchowy_podnoszony,036P_01.00.00.005_Tulejka_16x10x13,036P_01.00.00.005_Tulejka_16x10x13,1
818,0,036P,036P_01.00.00.000_Modul_lancuchowy_podnoszony,036P_01.00.00.005_Tulejka_16x10x13,036P_01.00.00.005_Tulejka_16x10x13,1
819,0,036P,036P_01.00.00.000_Modul_lancuchowy_podnoszony,DIN_985_M16_Zn_KL8,DIN_985_M16_Zn_KL8,1
820,0,036P,036P_01.00.00.000_Modul_lancuchowy_podnoszony,DIN_125_M16_Zn_HV200,DIN_125_M16_Zn_HV200,1
821,0,036P,036P_01.00.00.000_Modul_lancuchowy_podnoszony,DIN_125_M16_Zn_HV200,DIN_125_M16_Zn_HV200,1
822,0,036P,036P_01.00.00.000_Modul_lancuchowy_podnoszony,036P_01.00.00.003_Kolo_lancuchowe_z_piasta_12B-1_z22,036P_01.00.00.003_Kolo_lancuchowe_z_piasta_12B-1_z22,1
823,0,036P,036P_01.00.00.000_Modul_lancuchowy_podnoszony,"036P_01.00.00.006_Tulejka_21,3x2,6x14","036P_01.00.00.006_Tulejka_21,3x2,6x14",1
824,0,036P,036P_01.00.00.000_Modul_lancuchowy_podnoszony,036P_01.00.00.004_Prowadnica_lancuchowa_12B-1_H15_DIN8187,036P_01.00.00.004_Prowadnica_lancuchowa_12B-1_H15_DIN8187,1
825,0,036P,036P_01.00.00.000_Modul_lancuchowy_podnoszony,DIN_933_M10x30_Zn_KL8.8,DIN_933_M10x30_Zn_KL8.8,1
826,0,036P,036P_01.00.00.000_Modul_lancuchowy_podnoszony,DIN_933_M10x30_Zn_KL8.8,DIN_933_M10x30_Zn_KL8.8,1
827,0,036P,036P_01.00.00.000_Modul_lancuchowy_podnoszony,DIN_9021_M10_Zn_HV200,DIN_9021_M10_Zn_HV200,1
828,0,036P,036P_01.00.00.000_Modul_lancuchowy_podnoszony,DIN_9021_M10_Zn_HV200,DIN_9021_M10_Zn_HV200,1
829,0,036P,036P_01.00.00.000_Modul_lancuchowy_podnoszony,DIN_9021_M10_Zn_HV200,DIN_9021_M10_Zn_HV200,1
830,0,036P,036P_01.00.00.000_Modul_lancuchowy_podnoszony,036P_01.00.00.005_Tulejka_16x10x13,036P_01.00.00.005_Tulejka_16x10x13,1
831,0,036P,036P_01.00.00.000_Modul_lancuchowy_podnoszony,036P_01.00.00.005_Tulejka_16x10x13,036P_01.00.00.005_Tulejka_16x10x13,1
832,0,036P,036P_01.00.00.000_Modul_lancuchowy_podnoszony,Podkladka_Schnorr_S5_Zn,Podkladka_Schnorr_S5_Zn,1
833,0,036P,036P_01.00.00.000_Modul_lancuchowy_podnoszony,DIN_985_M20_Zn_KL8,DIN_985_M20_Zn_KL8,1
834,0,036P,036P_01.00.00.000_Modul_lancuchowy_podnoszony,DIN_7984_M5x20_Zn_KL8.8,DIN_7984_M5x20_Zn_KL8.8,1
835,0,036P,036P_01.00.00.000_Modul_lancuchowy_podnoszony,Podkladka_Schnorr_S5_Zn,Podkladka_Schnorr_S5_Zn,1
836,0,036P,036P_01.00.00.000_Modul_lancuchowy_podnoszony,DIN_7984_M5x20_Zn_KL8.8,DIN_7984_M5x20_Zn_KL8.8,1
837,0,036P,036P_01.00.00.000_Modul_lancuchowy_podnoszony,Podkladka_Schnorr_S5_Zn,Podkladka_Schnorr_S5_Zn,1
838,0,036P,036P_01.00.00.000_Modul_lancuchowy_podnoszony,DIN_7984_M5x20_Zn_KL8.8,DIN_7984_M5x20_Zn_KL8.8,1
839,0,036P,036P_01.00.00.000_Modul_lancuchowy_podnoszony,Podkladka_Schnorr_S5_Zn,Podkladka_Schnorr_S5_Zn,1
840,0,036P,036P_01.00.00.000_Modul_lancuchowy_podnoszony,DIN_7984_M5x20_Zn_KL8.8,DIN_7984_M5x20_Zn_KL8.8,1
841,0,036P,036P_01.00.00.000_Modul_lancuchowy_podnoszony,Zespol_lozyskowy_UCFL_207,Zespol_lozyskowy_UCFL_207,1
842,1,036P,036P_01.00.00.000_Modul_lancuchowy_podnoszony,"036P_01.02.00.000_Lancuch_12B-1RDx98_1866,9","036P_01.02.00.000_Lancuch_12B-1RDx98_1866,9",1
843,0,036P,036P_01.00.00.000_Modul_lancuchowy_podnoszony,DIN_934_M10_Zn_KL8,DIN_934_M10_Zn_KL8,1
844,0,036P,036P_01.00.00.000_Modul_lancuchowy_podnoszony,DIN_933_M20x70_Zn_KL8.8,DIN_933_M20x70_Zn_KL8.8,1
845,0,036P,036P_01.00.00.000_Modul_lancuchowy_podnoszony,DIN_9021_M20_Zn_HV200,DIN_9021_M20_Zn_HV200,1
846,0,036P,036P_01.00.00.000_Modul_lancuchowy_podnoszony,DIN_9021_M10_Zn_HV200,DIN_9021_M10_Zn_HV200,1
847,0,036P,036P_01.00.00.000_Modul_lancuchowy_podnoszony,036P_01.00.00.002_Sruba_M10_spec,036P_01.00.00.002_Sruba_M10_spec,1
848,0,036P,036P_01.00.00.000_Modul_lancuchowy_podnoszony,DIN_125_M20_Zn_HV200,DIN_125_M20_Zn_HV200,1
849,0,036P,036P_01.00.00.000_Modul_lancuchowy_podnoszony,Zespol_lozyskowy_UCFL_207,Zespol_lozyskowy_UCFL_207,1
850,0,036P,036P_01.00.00.000_Modul_lancuchowy_podnoszony,Tuleja_zaciskowa_BK13-35x60,Tuleja_zaciskowa_BK13-35x60,1
851,0,036P,036P_01.00.00.000_Modul_lancuchowy_podnoszony,036P_01.00.00.001_Kolo_gladkie_12B-1,036P_01.00.00.001_Kolo_gladkie_12B-1,1
852,0,036P,036P_01.01.00.000_Profil_modulu_lancuch,036P_01.01.00.001_Blacha_UCFL_207,036P_01.01.00.001_Blacha_UCFL_207,1
853,0,036P,036P_01.01.00.000_Profil_modulu_lancuch,036P_01.01.00.001_Blacha_UCFL_207,036P_01.01.00.001_Blacha_UCFL_207,1
854,0,036P,036P_01.01.00.000_Profil_modulu_lancuch,036P_01.01.00.002_Profil_50x50x3_600,036P_01.01.00.002_Profil_50x50x3_600,1
855,0,036P,036P_01.01.00.000_Profil_modulu_lancuch,036P_01.01.01.003_Plaskownik_kola,036P_01.01.01.003_Plaskownik_kola,1
856,0,036P,036P_01.01.00.000_Profil_modulu_lancuch,036P_01.01.00.004_Ceownik_55x35x5_55,036P_01.01.00.004_Ceownik_55x35x5_55,1
857,0,036P,036P_01.01.00.000_Profil_modulu_lancuch,036P_01.01.01.005_Blacha_wew,036P_01.01.01.005_Blacha_wew,1
858,0,036P,036P_04.00.00.000_Wal_podnoszacy,036P_04.00.00.001_Pret_35h11_1650,036P_04.00.00.001_Pret_35h11_1650,1
859,0,036P,036P_04.00.00.000_Wal_podnoszacy,036P_04.00.00.002_Plaskownik_ramienia,036P_04.00.00.002_Plaskownik_ramienia,1
860,0,036P,036P_04.00.00.000_Wal_podnoszacy,036P_04.00.00.002_Plaskownik_ramienia,036P_04.00.00.002_Plaskownik_ramienia,1
861,0,036P,036P_04.00.00.000_Wal_podnoszacy,036P_04.00.00.002_Plaskownik_ramienia,036P_04.00.00.002_Plaskownik_ramienia,1
862,0,036P,036P_04.00.00.000_Wal_podnoszacy,036P_04.00.00.002_Plaskownik_ramienia,036P_04.00.00.002_Plaskownik_ramienia,1
863,0,036P,036P_04.00.00.000_Wal_podnoszacy,036P_04.00.00.002_Plaskownik_ramienia,036P_04.00.00.002_Plaskownik_ramienia,1
864,0,036P,036P_04.00.00.000_Wal_podnoszacy,036P_04.00.00.002_Plaskownik_ramienia,036P_04.00.00.002_Plaskownik_ramienia,1
865,0,036P,036P_04.00.00.000_Wal_podnoszacy,036P_04.00.00.002_Plaskownik_ramienia,036P_04.00.00.002_Plaskownik_ramienia,1
866,0,036P,036P_04.00.00.000_Wal_podnoszacy,036P_04.00.00.002_Plaskownik_ramienia,036P_04.00.00.002_Plaskownik_ramienia,1
867,0,036P,036P_04.00.00.000_Wal_podnoszacy,036P_04.00.00.002_Plaskownik_ramienia,036P_04.00.00.002_Plaskownik_ramienia,1
868,0,036P,036P_04.00.00.000_Wal_podnoszacy,036P_04.00.00.002_Plaskownik_ramienia,036P_04.00.00.002_Plaskownik_ramienia,1
869,0,036P,036P_04.00.00.000_Wal_podnoszacy,036P_04.00.00.003_Plaskownik_silownika,036P_04.00.00.003_Plaskownik_silownika,1
870,0,036P,036P_04.00.00.000_Wal_podnoszacy,036P_04.00.00.003_Plaskownik_silownika,036P_04.00.00.003_Plaskownik_silownika,1
871,0,036P,036P_04.00.00.000_Wal_podnoszacy,036P_04.00.00.003_Plaskownik_silownika,036P_04.00.00.003_Plaskownik_silownika,1
872,0,036P,036P_04.00.00.000_Wal_podnoszacy,036P_04.00.00.003_Plaskownik_silownika,036P_04.00.00.003_Plaskownik_silownika,1
873,0,036P,"Glowica_przegubowa_9263 SGS-M16x1,5","9263 SGS-M16x1,5---(S_0_0_0)","9263 SGS-M16x1,5---(S_0_0_0)",1
874,0,036P,"Glowica_przegubowa_9263 SGS-M16x1,5",DIN-439-B - M16x1_5(F),DIN-439-B - M16x1_5(F),1
875,0,036P,Silownik_DSNU-50-125-P-A,196005 DSNU-50-125-P---(A----0-ZR),196005 DSNU-50-125-P---(A----0-ZR),1
876,0,036P,Silownik_DSNU-50-125-P-A,3773 M45x1_5,3773 M45x1_5,1
877,0,036P,Silownik_DSNU-50-125-P-A,196005 DSNU-50-125-P---(A---00--0-KS),196005 DSNU-50-125-P---(A---00--0-KS),1
878,0,036P,Silownik_DSNU-50-125-P-A,DIN-439-B - M16x1_5(F),DIN-439-B - M16x1_5(F),1
879,0,036P,036P_06.00.00.000_Cieglo,Przegub_kulowy_GN_648.1-16-M16-N,Przegub_kulowy_GN_648.1-16-M16-N,1
880,0,036P,036P_06.00.00.000_Cieglo,Przegub_kulowy_GN_648.1-16-M16-N,Przegub_kulowy_GN_648.1-16-M16-N,1
881,0,036P,036P_06.00.00.000_Cieglo,DIN_934_M16_Zn_KL8,DIN_934_M16_Zn_KL8,1
882,0,036P,036P_06.00.00.000_Cieglo,DIN_934_M16_Zn_KL8,DIN_934_M16_Zn_KL8,1
883,0,036P,036P_06.00.00.000_Cieglo,036P_06.00.00.001_Pret_M16_130_Zn_KL8.8,036P_06.00.00.001_Pret_M16_130_Zn_KL8.8,1
884,0,036P,036P_05.00.00.000_Wal_podnoszacy,036P_05.00.00.001_Pret_35h11_1960,036P_05.00.00.001_Pret_35h11_1960,1
885,0,036P,036P_05.00.00.000_Wal_podnoszacy,036P_04.00.00.002_Plaskownik_ramienia,036P_04.00.00.002_Plaskownik_ramienia,1
886,0,036P,036P_05.00.00.000_Wal_podnoszacy,036P_04.00.00.002_Plaskownik_ramienia,036P_04.00.00.002_Plaskownik_ramienia,1
887,0,036P,036P_05.00.00.000_Wal_podnoszacy,036P_04.00.00.003_Plaskownik_silownika,036P_04.00.00.003_Plaskownik_silownika,1
888,0,036P,036P_05.00.00.000_Wal_podnoszacy,036P_04.00.00.003_Plaskownik_silownika,036P_04.00.00.003_Plaskownik_silownika,1
889,0,036P,036P_05.00.00.000_Wal_podnoszacy,036P_04.00.00.002_Plaskownik_ramienia,036P_04.00.00.002_Plaskownik_ramienia,1
890,0,036P,036P_05.00.00.000_Wal_podnoszacy,036P_04.00.00.003_Plaskownik_silownika,036P_04.00.00.003_Plaskownik_silownika,1
891,0,036P,036P_05.00.00.000_Wal_podnoszacy,036P_04.00.00.003_Plaskownik_silownika,036P_04.00.00.003_Plaskownik_silownika,1
892,0,036P,036P_05.00.00.000_Wal_podnoszacy,036P_04.00.00.002_Plaskownik_ramienia,036P_04.00.00.002_Plaskownik_ramienia,1
893,0,036P,036P_05.00.00.000_Wal_podnoszacy,036P_04.00.00.002_Plaskownik_ramienia,036P_04.00.00.002_Plaskownik_ramienia,1
894,0,036P,036P_05.00.00.000_Wal_podnoszacy,036P_04.00.00.002_Plaskownik_ramienia,036P_04.00.00.002_Plaskownik_ramienia,1
895,0,036P,"036P_07.00.00.000_Lancuch_12B-2x34_647,7",12B-2_ogniwo_A,12B-2_ogniwo_A,1
896,0,036P,"036P_07.00.00.000_Lancuch_12B-2x34_647,7",12B-2_ogniwo_B,12B-2_ogniwo_B,1
897,0,036P,"036P_07.00.00.000_Lancuch_12B-2x34_647,7",12B-2_ogniwo_A,12B-2_ogniwo_A,1
898,0,036P,"036P_07.00.00.000_Lancuch_12B-2x34_647,7",12B-2_ogniwo_A,12B-2_ogniwo_A,1
899,0,036P,"036P_07.00.00.000_Lancuch_12B-2x34_647,7",12B-2_ogniwo_A,12B-2_ogniwo_A,1
900,0,036P,"036P_07.00.00.000_Lancuch_12B-2x34_647,7",12B-2_ogniwo_A,12B-2_ogniwo_A,1
901,0,036P,"036P_07.00.00.000_Lancuch_12B-2x34_647,7",12B-2_ogniwo_A,12B-2_ogniwo_A,1
902,0,036P,"036P_07.00.00.000_Lancuch_12B-2x34_647,7",12B-2_ogniwo_A,12B-2_ogniwo_A,1
903,0,036P,"036P_07.00.00.000_Lancuch_12B-2x34_647,7",12B-2_ogniwo_A,12B-2_ogniwo_A,1
904,0,036P,"036P_07.00.00.000_Lancuch_12B-2x34_647,7",12B-2_ogniwo_A,12B-2_ogniwo_A,1
905,0,036P,"036P_07.00.00.000_Lancuch_12B-2x34_647,7",12B-2_ogniwo_A,12B-2_ogniwo_A,1
906,0,036P,"036P_07.00.00.000_Lancuch_12B-2x34_647,7",12B-2_ogniwo_A,12B-2_ogniwo_A,1
907,0,036P,"036P_07.00.00.000_Lancuch_12B-2x34_647,7",12B-2_ogniwo_A,12B-2_ogniwo_A,1
908,0,036P,"036P_07.00.00.000_Lancuch_12B-2x34_647,7",12B-2_ogniwo_A,12B-2_ogniwo_A,1
909,0,036P,"036P_07.00.00.000_Lancuch_12B-2x34_647,7",12B-2_ogniwo_A,12B-2_ogniwo_A,1
910,0,036P,"036P_07.00.00.000_Lancuch_12B-2x34_647,7",12B-2_ogniwo_A,12B-2_ogniwo_A,1
911,0,036P,"036P_07.00.00.000_Lancuch_12B-2x34_647,7",12B-2_ogniwo_A,12B-2_ogniwo_A,1
912,0,036P,"036P_07.00.00.000_Lancuch_12B-2x34_647,7",12B-2_ogniwo_A,12B-2_ogniwo_A,1
913,0,036P,"036P_07.00.00.000_Lancuch_12B-2x34_647,7",12B-2_ogniwo_B,12B-2_ogniwo_B,1
914,0,036P,"036P_07.00.00.000_Lancuch_12B-2x34_647,7",12B-2_ogniwo_B,12B-2_ogniwo_B,1
915,0,036P,"036P_07.00.00.000_Lancuch_12B-2x34_647,7",12B-2_ogniwo_B,12B-2_ogniwo_B,1
916,0,036P,"036P_07.00.00.000_Lancuch_12B-2x34_647,7",12B-2_ogniwo_B,12B-2_ogniwo_B,1
917,0,036P,"036P_07.00.00.000_Lancuch_12B-2x34_647,7",12B-2_ogniwo_B,12B-2_ogniwo_B,1
918,0,036P,"036P_07.00.00.000_Lancuch_12B-2x34_647,7",12B-2_ogniwo_B,12B-2_ogniwo_B,1
919,0,036P,"036P_07.00.00.000_Lancuch_12B-2x34_647,7",12B-2_ogniwo_B,12B-2_ogniwo_B,1
920,0,036P,"036P_07.00.00.000_Lancuch_12B-2x34_647,7",12B-2_ogniwo_B,12B-2_ogniwo_B,1
921,0,036P,"036P_07.00.00.000_Lancuch_12B-2x34_647,7",12B-2_ogniwo_B,12B-2_ogniwo_B,1
922,0,036P,"036P_07.00.00.000_Lancuch_12B-2x34_647,7",12B-2_ogniwo_B,12B-2_ogniwo_B,1
923,0,036P,"036P_07.00.00.000_Lancuch_12B-2x34_647,7",12B-2_ogniwo_B,12B-2_ogniwo_B,1
924,0,036P,"036P_07.00.00.000_Lancuch_12B-2x34_647,7",12B-2_ogniwo_B,12B-2_ogniwo_B,1
925,0,036P,"036P_07.00.00.000_Lancuch_12B-2x34_647,7",12B-2_ogniwo_B,12B-2_ogniwo_B,1
926,0,036P,"036P_07.00.00.000_Lancuch_12B-2x34_647,7",12B-2_ogniwo_B,12B-2_ogniwo_B,1
927,0,036P,"036P_07.00.00.000_Lancuch_12B-2x34_647,7",12B-2_ogniwo_B,12B-2_ogniwo_B,1
928,0,036P,"036P_07.00.00.000_Lancuch_12B-2x34_647,7",12B-2_ogniwo_B,12B-2_ogniwo_B,1
929,0,036P,Sprzeglo_GE-T 28-38_SG__d1=35__d2=35,02528235_HUB_GE-T 28-38_SG__d1=35,02528235_HUB_GE-T 28-38_SG__d1=35,1
930,0,036P,Sprzeglo_GE-T 28-38_SG__d1=35__d2=35,02528104_Wkladka_RED_GE-T 28-38_SG,02528104_Wkladka_RED_GE-T 28-38_SG,1
931,0,036P,Sprzeglo_GE-T 28-38_SG__d1=35__d2=35,02528235_HUB_GE-T 28-38_SG__d1=35,02528235_HUB_GE-T 28-38_SG__d1=35,1
932,0,036P,Sprzeglo_GE-T 28-38_SG__d1=35__d2=35,DIN_912_M8x30_Zn_KL8.8,DIN_912_M8x30_Zn_KL8.8,1
933,0,036P,Sprzeglo_GE-T 28-38_SG__d1=35__d2=35,DIN_912_M8x30_Zn_KL8.8,DIN_912_M8x30_Zn_KL8.8,1
