,name,id,ref,ref_name,ref_type,asm
0,034P_00.00.00.000_Przenosnik_rolkowy,id4,thisAsm,034P_00.00.00.000_Przenosnik_rolkowy,assembly,id11 id512 id1102 id1149 id1152 id1155 id1161 id1320 id1510 id1513 id1516 id1771 id1774 id1777 id1780 id1783 id1786 id1789 id1792 id1795 id1798 id1801 id1804 id1807 id1810 id1813 id1816 id1819 id1822 id1825 id1828 id1831 id1834 id1837 id1840 id1843 id1846 id1849 id1852 id1855 id1858 id1861 id1864 id1867 id1870 id1873 id1876 id1879 id1948 id1951 id1954 id1957 id1960 id1963 id1966 id1969 id1972 id1975 id1978 id1981 id1984 id1987 id1990 id1993 id1996 id1999 id2002 id2005 id2008 id2011 id2014 id2017 id2020 id2023 id2026 id2029 id2032 id2035 id2038 id2041 id2044 id2050 id2196 id2228 id2231 id2281 id2284 id2292 id2343 id2346 id2354 id2357 id2368 id2482 id2490 id2498 id2506 id2514 id2522 id2530 id2538 id2575 id2578 id2581 id2617 id2620 id2670 id2720 id2726 id2785 id2788 id2791 id2794 id2797 id2800 id2803 id2806 id2809 id2812 id2815 id2818 id2821 id2824 id2827 id2830 id2833 id2836 id2839 id2842 id2845 id2848 id2851 id2854 id2857 id2860 id2863 id2866 id2869 id2872 id2875 id2878 id2881 id2884 id2887 id2890 id2893 id2896 id2899 id2902 id2905 id2908 id2911 id2914 id2917 id2920 id2923 id2926 id2929 id2932 id2935 id2938 id2941 id2944 id2947 id2950 id2953 id2956 id2959 id2962 id2965 id2968 id2971 id2974 id2977 id2980 id2983 id2986 id2989 id2992 id2995 id2998 id3001 id3004 id3007 id3010 id3013 id3016 id3019 id3022 id3025 id3028 id3031 id3034 id3037 id3040 id3043 id3046 id3049 id3052 id3055 id3058 id3061 id3064 id3067 id3070 id3073 id3076 id3079 id3082 id3085 id3088 id3091 id3094 id3097 id3100 id3103 id3106 id3109 id3112 id3115 id3118 id3121 id3124 id3127 id3130 id3133 id3136 id3139 id3142 id3145 id3148 id3151 id3154 id3157 id3160 id3163 id3166 id3169 id3172 id3175 id3178 id3181 id3184 id3187 id3190 id3193 id3196 id3199 id3202 id3205 id3208 id3211 id3214 id3217 id3220 id3223 id3226 id3229 id3232 id3235 id3238 id3241 id3244 id3247 id3250 id3253 id3256 id3259 id3262 id3265 id3268 id3271 id3274 id3277 id3292 id3295 id3310 id3313 id3316 id3319 id3334 id3337 id3352 id3355 id3358 id3999 id4002 id4005 id4060 id4063 id4066 id4069 id4072 id4075 id4078 id4081 id4150 id4153 id4156 id4159 id4162 id4165 id4168 id4171 id4174 id4177 id4180 id4183 id4186 id4215 id4304 id4307 id4310 id4313 id4316 id4319 id4325 id4552 id4555 id4561 id4784 id4790 id4875 id4878 id4881 id4884 id5027 id5030 id5033 id5036 id5042 id5141 id5144 id5147 id5150 id5153 id5156 id5206 id5212 id5380 id5383 id5386 id5389 id5392 id5395 id5398 id5401 id5404 id5407 id5410 id5413 id5416 id5419 id5422 id5425 id5428 id5431 id5434 id5437 id5440 id5443 id5446 id5449 id5452 id5455 id5458 id5461 id5464 id5467 id5470 id5473 id5476 id5479 id5482 id5485 id5488 id5491 id5494 id5497 id5500 id5503 id5506 id5509 id5512 id5515 id5518 id5521 id5524 id5527 id5530 id5533 id5536 id5539 id5542 id5545 id5548 id5551 id5554 id5557 id5560 id5563 id5566 id5569 id5572 id5575 id5578 id5581 id5584 id5587 id5590 id5593 id5596 id5599 id5602 id5605 id5608 id5611 id5614 id5617 id5620 id5623 id5626 id5676 id5679 id5682 id5685 id5688 id5691 id5694 id5697 id5700 id5703 id5706 id5709 id5712 id5715 id5718 id5721 id5724 id5727 id5730 id5733 id5736 id5739 id5742 id5745 id5748 id5751 id5754 id5757 id5760 id5763 id5766 id5769 id5772 id5775 id5778 id5781 id5784 id5787 id5790 id5793 id5796 id5799 id5802 id5805 id5808 id5811 id5814 id5817 id5820 id5823 id5826 id5829 id5832 id5835 id5838 id5841 id5844 id5847 id5850 id5853 id5856 id5859 id5862 id5865 id5868 id5871 id5874 id5877 id5880 id5883 id5886 id5889 id5892 id5895 id5898 id5901 id5904 id5907 id5910 id5913 id5916 id5919 id5922 id5925 id5928 id5960 id5963 id5999 id6050 id6056 id6383 id6386 id6389 id6392 id6395 id6398 id6401 id6404 id6407 id6410 id6413 id6416 id6419 id6422 id6425 id6428 id6431 id6434 id6437 id6440 id6443 id6446 id6449 id6452 id6455 id6458 id6461 id6464 id6467 id6470 id6473 id6476 id6482 id6581 id6584 id6599 id6646 id6654 id6669 id6677 id6685 id6693 id6701 id6712 id6890 id6893 id6896 id6899 id6902 id6905 id6908 id6911 id6914 id6917 id6920 id6923 id6926 id6929 id6932 id6935 id6938 id6941 id6944 id6947 id6950 id6953 id6956 id6959 id6962 id6965 id6968 id6971 id6974 id6977 id6980 id6983 id6986 id6989 id6992 id6995 id6998 id7001 id7004 id7007 id7010 id7013 id7016 id7019 id7022 id7025 id7028 id7031 id7034 id7037 id7040 id7043 id7046 id7049 id7052 id7055 id7058 id7061 id7064 id7067 id7070 id7073 id7076 id7079 id7082 id7085 id7088 id7091 id7094 id7097 id7100 id7103 id7106 id7109 id7112 id7115 id7118 id7121 id7124 id7127 id7130 id7133 id7136 id7139 id7142 id7145 id7148 id7151 id7154 id7157 id7160 id7163 id7166 id7169 id7172 id7175 id7178 id7181 id7184 id7187 id7190 id7193 id7196 id7199 id7202 id7205 id7208 id7211 id7214 id7217 id7220 id7223 id7226 id7229 id7232 id7235 id7285 id7288 id7291 id7294 id7297 id7300 id7303 id7306 id7309 id7312 id7315 id7318 id7321 id7324 id7327 id7330 id7333 id7336 id7339 id7342 id7345 id7348 id7351 id7354 id7357 id7360 id7363 id7366 id7369 id7372 id7375 id7378 id7381 id7384 id7387 id7390 id7393 id7396 id7399 id7402 id7405 id7408 id7411 id7414 id7417 id7420 id7423 id7426 id7429 id7432 id7435 id7438 id7441 id7444 id7447 id7450 id7453 id7456 id7459 id7462 id7465 id7468 id7471 id7474 id7477 id7524 id7571 id7618 id7665 id7712 id7759 id7806 id7853 id7900 id7947 id7994 id8041 id8088 id8135 id8182 id8229 id8276 id8323 id8370 id8417 id8464 id8511 id8558 id8605 id8608 id8611 id8614 id8617 id8620 id8623 id8626
1,034P_01.00.00.000_Rama_A.asm:1,id11,id8,034P_01.00.00.000_Rama_A,assembly,id149 id176 id350 id354 id358 id362 id366 id370 id402 id438 id442 id446 id473 id477 id481 id485 id489 id493 id497 id501 id505
2,034P_01.00.00.004_Ceownik_UPN100_3380.par:1,id149,id14,x,x,x
3,034P_01.00.00.002_Ceownik_UPN100_100.par:1,id176,id153,x,x,x
4,034P_01.00.00.001_Ceownik_UPN100_3380.par:2,id350,id180,x,x,x
5,034P_01.00.00.002_Ceownik_UPN100_100.par:2,id354,id153,x,x,x
6,034P_01.00.00.002_Ceownik_UPN100_100.par:3,id358,id153,x,x,x
7,034P_01.00.00.002_Ceownik_UPN100_100.par:4,id362,id153,x,x,x
8,034P_01.00.00.002_Ceownik_UPN100_100.par:5,id366,id153,x,x,x
9,034P_01.00.00.002_Ceownik_UPN100_100.par:6,id370,id153,x,x,x
10,032P_01.01.00.011_Blacha_nogi.psm:1,id402,id374,x,x,x
11,032P_01.01.00.010_Zebro_UPN100.psm:2,id438,id406,x,x,x
12,032P_01.01.00.011_Blacha_nogi.psm:2,id442,id374,x,x,x
13,032P_01.01.00.010_Zebro_UPN100.psm:1,id446,id406,x,x,x
14,034P_01.00.00.003_Ceownik_UPN100_465.par:2,id473,id450,x,x,x
15,034P_01.00.00.003_Ceownik_UPN100_465.par:3,id477,id450,x,x,x
16,032P_01.01.00.011_Blacha_nogi.psm:3,id481,id374,x,x,x
17,032P_01.01.00.011_Blacha_nogi.psm:4,id485,id374,x,x,x
18,032P_01.01.00.011_Blacha_nogi.psm:5,id489,id374,x,x,x
19,032P_01.01.00.011_Blacha_nogi.psm:6,id493,id374,x,x,x
20,032P_01.01.00.010_Zebro_UPN100.psm:3,id497,id406,x,x,x
21,034P_01.00.00.003_Ceownik_UPN100_465.par:1,id501,id450,x,x,x
22,032P_01.01.00.010_Zebro_UPN100.psm:4,id505,id406,x,x,x
23,034P_02.00.00.000_Rama_B.asm:1,id512,id509,034P_02.00.00.000_Rama_B,assembly,id701 id705 id709 id849 id853 id857 id861 id865 id869 id873 id877 id881 id925 id928 id932 id935 id939 id943 id947 id951 id1016 id1019 id1022 id1025 id1070
24,034P_02.00.00.001_Ceownik_UPN100_3128.par:2,id701,id515,x,x,x
25,032P_01.01.00.010_Zebro_UPN100.psm:4,id705,id406,x,x,x
26,034P_01.00.00.002_Ceownik_UPN100_100.par:1,id709,id153,x,x,x
27,034P_02.00.00.002_Ceownik_UPN100_3128.par:1,id849,id713,x,x,x
28,034P_01.00.00.002_Ceownik_UPN100_100.par:2,id853,id153,x,x,x
29,034P_01.00.00.002_Ceownik_UPN100_100.par:3,id857,id153,x,x,x
30,034P_01.00.00.002_Ceownik_UPN100_100.par:4,id861,id153,x,x,x
31,034P_01.00.00.002_Ceownik_UPN100_100.par:5,id865,id153,x,x,x
32,034P_01.00.00.002_Ceownik_UPN100_100.par:6,id869,id153,x,x,x
33,032P_01.01.00.011_Blacha_nogi.psm:1,id873,id374,x,x,x
34,032P_01.01.00.011_Blacha_nogi.psm:2,id877,id374,x,x,x
35,032P_01.01.00.010_Zebro_UPN100.psm:3,id881,id406,x,x,x
36,"034P_02.00.00.007_Walek_18x83,4_M8.par:1",id925,id885,x,x,x
37,032P_01.01.00.010_Zebro_UPN100.psm:1,id928,id406,x,x,x
38,"034P_02.00.00.007_Walek_18x83,4_M8.par:2",id932,id885,x,x,x
39,032P_01.01.00.010_Zebro_UPN100.psm:2,id935,id406,x,x,x
40,032P_01.01.00.011_Blacha_nogi.psm:3,id939,id374,x,x,x
41,032P_01.01.00.011_Blacha_nogi.psm:4,id943,id374,x,x,x
42,032P_01.01.00.011_Blacha_nogi.psm:5,id947,id374,x,x,x
43,032P_01.01.00.011_Blacha_nogi.psm:6,id951,id374,x,x,x
44,034P_02.00.00.005_Blacha.psm:1,id1016,id955,x,x,x
45,034P_01.00.00.003_Ceownik_UPN100_465.par:3,id1019,id450,x,x,x
46,034P_01.00.00.003_Ceownik_UPN100_465.par:2,id1022,id450,x,x,x
47,034P_01.00.00.003_Ceownik_UPN100_465.par:1,id1025,id450,x,x,x
48,034P_02.00.00.006_Blacha.psm:1,id1070,id1028,x,x,x
49,DIN_125_M16_Zn_HV200.par:7,id1102,id1073,x,x,x
50,DIN_934_M16_Zn_KL8.par:2,id1149,id1105,x,x,x
51,DIN_934_M16_Zn_KL8.par:1,id1152,id1105,x,x,x
52,DIN_125_M16_Zn_HV200.par:8,id1155,id1073,x,x,x
53,034P_03.01.00.000S_Slizg.asm:1,id1161,id1158,034P_03.01.00.000S_Slizg,assembly,id1192 id1219 id1246 id1273 id1309 id1313
54,034P_03.01.00.001_Blacha.psm:1,id1192,id1164,x,x,x
55,034P_03.01.00.002_Blacha.psm:1,id1219,id1196,x,x,x
56,034P_03.01.00.005_Tuleja.par:1,id1246,id1223,x,x,x
57,034P_03.01.00.003_Blacha.psm:1,id1273,id1250,x,x,x
58,034P_03.01.00.004_Blacha.psm:1,id1309,id1277,x,x,x
59,034P_03.01.00.005_Tuleja.par:2,id1313,id1223,x,x,x
60,034P_05.05.00.000S_Banda_5.asm:2,id1320,id1317,034P_05.05.00.000S_Banda_5,assembly,id1363 id1390 id1422 id1426 id1430 id1434 id1438 id1484 id1487 id1491 id1495 id1499 id1503 id1507
61,034P_05.05.00.001_Blacha.psm:1,id1363,id1323,x,x,x
62,034P_05.05.00.002_Blacha.psm:1,id1390,id1367,x,x,x
63,034P_05.05.00.003_Blacha.psm:1,id1422,id1394,x,x,x
64,034P_05.05.00.002_Blacha.psm:2,id1426,id1367,x,x,x
65,034P_05.05.00.002_Blacha.psm:3,id1430,id1367,x,x,x
66,034P_05.05.00.002_Blacha.psm:4,id1434,id1367,x,x,x
67,034P_05.05.00.002_Blacha.psm:5,id1438,id1367,x,x,x
68,DIN_6331_M8_CZ_KL10.par:2,id1484,id1442,x,x,x
69,034P_05.05.00.003_Blacha.psm:2,id1487,id1394,x,x,x
70,034P_05.05.00.003_Blacha.psm:3,id1491,id1394,x,x,x
71,034P_05.05.00.003_Blacha.psm:4,id1495,id1394,x,x,x
72,034P_05.05.00.003_Blacha.psm:5,id1499,id1394,x,x,x
73,034P_05.05.00.003_Blacha.psm:6,id1503,id1394,x,x,x
74,DIN_6331_M8_CZ_KL10.par:1,id1507,id1442,x,x,x
75,DIN_125_M16_Zn_HV200.par:5,id1510,id1073,x,x,x
76,DIN_125_M16_Zn_HV200.par:4,id1513,id1073,x,x,x
77,DIN_125_M16_Zn_HV200.par:6,id1516,id1073,x,x,x
78,Rolka_5103-SV80x2-SV20-IGM10x20-465-2600-ZZ.par:1,id1771,id1519,x,x,x
79,DIN_125_M16_Zn_HV200.par:2,id1774,id1073,x,x,x
80,DIN_125_M16_Zn_HV200.par:1,id1777,id1073,x,x,x
81,DIN_125_M16_Zn_HV200.par:3,id1780,id1073,x,x,x
82,Rolka_5103-SV80x2-SV20-IGM10x20-465-2600-ZZ.par:2,id1783,id1519,x,x,x
83,Rolka_5103-SV80x2-SV20-IGM10x20-465-2600-ZZ.par:3,id1786,id1519,x,x,x
84,Rolka_5103-SV80x2-SV20-IGM10x20-465-2600-ZZ.par:4,id1789,id1519,x,x,x
85,Rolka_5103-SV80x2-SV20-IGM10x20-465-2600-ZZ.par:5,id1792,id1519,x,x,x
86,Rolka_5103-SV80x2-SV20-IGM10x20-465-2600-ZZ.par:6,id1795,id1519,x,x,x
87,Rolka_5103-SV80x2-SV20-IGM10x20-465-2600-ZZ.par:7,id1798,id1519,x,x,x
88,Rolka_5103-SV80x2-SV20-IGM10x20-465-2600-ZZ.par:8,id1801,id1519,x,x,x
89,Rolka_5103-SV80x2-SV20-IGM10x20-465-2600-ZZ.par:9,id1804,id1519,x,x,x
90,Rolka_5103-SV80x2-SV20-IGM10x20-465-2600-ZZ.par:10,id1807,id1519,x,x,x
91,Rolka_5103-SV80x2-SV20-IGM10x20-465-2600-ZZ.par:11,id1810,id1519,x,x,x
92,Rolka_5103-SV80x2-SV20-IGM10x20-465-2600-ZZ.par:12,id1813,id1519,x,x,x
93,Rolka_5103-SV80x2-SV20-IGM10x20-465-2600-ZZ.par:13,id1816,id1519,x,x,x
94,Rolka_5103-SV80x2-SV20-IGM10x20-465-2600-ZZ.par:14,id1819,id1519,x,x,x
95,Rolka_5103-SV80x2-SV20-IGM10x20-465-2600-ZZ.par:15,id1822,id1519,x,x,x
96,Rolka_5103-SV80x2-SV20-IGM10x20-465-2600-ZZ.par:16,id1825,id1519,x,x,x
97,Rolka_5103-SV80x2-SV20-IGM10x20-465-2600-ZZ.par:17,id1828,id1519,x,x,x
98,Rolka_5103-SV80x2-SV20-IGM10x20-465-2600-ZZ.par:18,id1831,id1519,x,x,x
99,Rolka_5103-SV80x2-SV20-IGM10x20-465-2600-ZZ.par:19,id1834,id1519,x,x,x
100,Rolka_5103-SV80x2-SV20-IGM10x20-465-2600-ZZ.par:20,id1837,id1519,x,x,x
101,Rolka_5103-SV80x2-SV20-IGM10x20-465-2600-ZZ.par:21,id1840,id1519,x,x,x
102,Rolka_5103-SV80x2-SV20-IGM10x20-465-2600-ZZ.par:22,id1843,id1519,x,x,x
103,Rolka_5103-SV80x2-SV20-IGM10x20-465-2600-ZZ.par:23,id1846,id1519,x,x,x
104,Rolka_5103-SV80x2-SV20-IGM10x20-465-2600-ZZ.par:24,id1849,id1519,x,x,x
105,Rolka_5103-SV80x2-SV20-IGM10x20-465-2600-ZZ.par:25,id1852,id1519,x,x,x
106,Rolka_5103-SV80x2-SV20-IGM10x20-465-2600-ZZ.par:26,id1855,id1519,x,x,x
107,Rolka_5103-SV80x2-SV20-IGM10x20-465-2600-ZZ.par:27,id1858,id1519,x,x,x
108,DIN_934_M16_Zn_KL8.par:3,id1861,id1105,x,x,x
109,DIN_934_M16_Zn_KL8.par:4,id1864,id1105,x,x,x
110,DIN_934_M16_Zn_KL8.par:5,id1867,id1105,x,x,x
111,DIN_934_M16_Zn_KL8.par:6,id1870,id1105,x,x,x
112,DIN_934_M16_Zn_KL8.par:7,id1873,id1105,x,x,x
113,DIN_934_M16_Zn_KL8.par:8,id1876,id1105,x,x,x
114,034P_05.05.00.000S_Banda_5.asm:1,id1879,id1317,034P_05.05.00.000S_Banda_5,assembly,id1363 id1390 id1422 id1426 id1430 id1434 id1438 id1484 id1487 id1491 id1495 id1499 id1503 id1507
115,DIN_7991_M8x35_Zn_KL8.8.par:1,id1948,id1908,x,x,x
116,DIN_125_M16_Zn_HV200.par:9,id1951,id1073,x,x,x
117,DIN_125_M16_Zn_HV200.par:10,id1954,id1073,x,x,x
118,DIN_125_M16_Zn_HV200.par:11,id1957,id1073,x,x,x
119,DIN_125_M16_Zn_HV200.par:12,id1960,id1073,x,x,x
120,DIN_934_M16_Zn_KL8.par:9,id1963,id1105,x,x,x
121,DIN_934_M16_Zn_KL8.par:10,id1966,id1105,x,x,x
122,DIN_934_M16_Zn_KL8.par:11,id1969,id1105,x,x,x
123,DIN_934_M16_Zn_KL8.par:12,id1972,id1105,x,x,x
124,DIN_125_M16_Zn_HV200.par:13,id1975,id1073,x,x,x
125,DIN_125_M16_Zn_HV200.par:14,id1978,id1073,x,x,x
126,DIN_125_M16_Zn_HV200.par:15,id1981,id1073,x,x,x
127,DIN_125_M16_Zn_HV200.par:16,id1984,id1073,x,x,x
128,DIN_934_M16_Zn_KL8.par:13,id1987,id1105,x,x,x
129,DIN_934_M16_Zn_KL8.par:14,id1990,id1105,x,x,x
130,DIN_934_M16_Zn_KL8.par:15,id1993,id1105,x,x,x
131,DIN_934_M16_Zn_KL8.par:16,id1996,id1105,x,x,x
132,DIN_125_M16_Zn_HV200.par:17,id1999,id1073,x,x,x
133,DIN_125_M16_Zn_HV200.par:18,id2002,id1073,x,x,x
134,DIN_125_M16_Zn_HV200.par:19,id2005,id1073,x,x,x
135,DIN_125_M16_Zn_HV200.par:20,id2008,id1073,x,x,x
136,DIN_934_M16_Zn_KL8.par:17,id2011,id1105,x,x,x
137,DIN_934_M16_Zn_KL8.par:18,id2014,id1105,x,x,x
138,DIN_934_M16_Zn_KL8.par:19,id2017,id1105,x,x,x
139,DIN_934_M16_Zn_KL8.par:20,id2020,id1105,x,x,x
140,DIN_125_M16_Zn_HV200.par:21,id2023,id1073,x,x,x
141,DIN_125_M16_Zn_HV200.par:22,id2026,id1073,x,x,x
142,DIN_125_M16_Zn_HV200.par:23,id2029,id1073,x,x,x
143,DIN_125_M16_Zn_HV200.par:24,id2032,id1073,x,x,x
144,DIN_934_M16_Zn_KL8.par:21,id2035,id1105,x,x,x
145,DIN_934_M16_Zn_KL8.par:22,id2038,id1105,x,x,x
146,DIN_934_M16_Zn_KL8.par:23,id2041,id1105,x,x,x
147,DIN_934_M16_Zn_KL8.par:24,id2044,id1105,x,x,x
148,032P_01.03.00.000_Stopka_M16x150.asm:1,id2050,id2047,032P_01.03.00.000_Stopka_M16x150,assembly,id2089 id2120 id2160
149,032P_01.03.00.001_ Blacha_8x150x50.psm:1,id2089,id2053,x,x,x
150,DIN_6331_M16_CZ_KL10.par:1,id2120,id2093,x,x,x
151,032P_01.03.00.002_Pret_ M16x150_8.8.par:1,id2160,id2124,x,x,x
152,DIN_127_M8_Zn_HV200.par:14,id2196,id2163,x,x,x
153,DIN_125_M8_Zn_HV200.par:12,id2228,id2199,x,x,x
154,DIN_125_M8_Zn_HV200.par:7,id2231,id2199,x,x,x
155,DIN_933_M8x25_Zn_KL8.8.par:10,id2281,id2234,x,x,x
156,032P_01.03.00.000_Stopka_M16x150.asm:2,id2284,id2047,032P_01.03.00.000_Stopka_M16x150,assembly,id2089 id2120 id2160
157,DIN_125_M8_Zn_HV200.par:9,id2292,id2199,x,x,x
158,DIN_985_M8_Zn_KL.8.par:3,id2343,id2295,x,x,x
159,032P_01.03.00.000_Stopka_M16x150.asm:3,id2346,id2047,032P_01.03.00.000_Stopka_M16x150,assembly,id2089 id2120 id2160
160,DIN_125_M8_Zn_HV200.par:1,id2354,id2199,x,x,x
161,032P_01.03.00.000_Stopka_M16x150.asm:4,id2357,id2047,032P_01.03.00.000_Stopka_M16x150,assembly,id2089 id2120 id2160
162,034P_05.04.00.000S_Banda_4.asm:1,id2368,id2365,034P_05.04.00.000S_Banda_4,assembly,id2427 id2454 id2458 id2461 id2465 id2469 id2473 id2476 id2479
163,034P_05.04.00.001_Blacha.psm:1,id2427,id2371,x,x,x
164,034P_05.02.00.002_Blacha.psm:1,id2454,id2431,x,x,x
165,DIN_6331_M8_CZ_KL10.par:1,id2458,id1442,x,x,x
166,034P_05.02.00.002_Blacha.psm:2,id2461,id2431,x,x,x
167,034P_05.02.00.002_Blacha.psm:4,id2465,id2431,x,x,x
168,034P_05.02.00.002_Blacha.psm:6,id2469,id2431,x,x,x
169,DIN_6331_M8_CZ_KL10.par:2,id2473,id1442,x,x,x
170,DIN_6331_M8_CZ_KL10.par:3,id2476,id1442,x,x,x
171,DIN_6331_M8_CZ_KL10.par:4,id2479,id1442,x,x,x
172,032P_01.03.00.000_Stopka_M16x150.asm:5,id2482,id2047,032P_01.03.00.000_Stopka_M16x150,assembly,id2089 id2120 id2160
173,032P_01.03.00.000_Stopka_M16x150.asm:6,id2490,id2047,032P_01.03.00.000_Stopka_M16x150,assembly,id2089 id2120 id2160
174,032P_01.03.00.000_Stopka_M16x150.asm:7,id2498,id2047,032P_01.03.00.000_Stopka_M16x150,assembly,id2089 id2120 id2160
175,032P_01.03.00.000_Stopka_M16x150.asm:8,id2506,id2047,032P_01.03.00.000_Stopka_M16x150,assembly,id2089 id2120 id2160
176,032P_01.03.00.000_Stopka_M16x150.asm:9,id2514,id2047,032P_01.03.00.000_Stopka_M16x150,assembly,id2089 id2120 id2160
177,032P_01.03.00.000_Stopka_M16x150.asm:10,id2522,id2047,032P_01.03.00.000_Stopka_M16x150,assembly,id2089 id2120 id2160
178,032P_01.03.00.000_Stopka_M16x150.asm:11,id2530,id2047,032P_01.03.00.000_Stopka_M16x150,assembly,id2089 id2120 id2160
179,032P_01.03.00.000_Stopka_M16x150.asm:12,id2538,id2047,032P_01.03.00.000_Stopka_M16x150,assembly,id2089 id2120 id2160
180,DIN_125_M10_Zn_HV200.par:1,id2575,id2546,x,x,x
181,DIN_125_M8_Zn_HV200.par:4,id2578,id2199,x,x,x
182,DIN_125_M10_Zn_HV200.par:2,id2581,id2546,x,x,x
183,DIN_127_M10_Zn_HV200.par:1,id2617,id2584,x,x,x
184,DIN_127_M10_Zn_HV200.par:2,id2620,id2584,x,x,x
185,DIN_933_M8x35_Zn_KL8.8.par:1,id2670,id2623,x,x,x
186,DIN_933_M10x30_Zn_KL8.8.par:1,id2720,id2673,x,x,x
187,034P_05.02.00.000S_Banda_2.asm:1,id2726,id2723,034P_05.02.00.000S_Banda_2,assembly,id2761 id2765 id2769 id2773 id2777 id2781
188,034P_05.02.00.001_Blacha.psm:1,id2761,id2729,x,x,x
189,034P_05.02.00.002_Blacha.psm:1,id2765,id2431,x,x,x
190,034P_05.02.00.002_Blacha.psm:2,id2769,id2431,x,x,x
191,034P_05.02.00.002_Blacha.psm:6,id2773,id2431,x,x,x
192,034P_05.02.00.002_Blacha.psm:7,id2777,id2431,x,x,x
193,034P_05.02.00.002_Blacha.psm:8,id2781,id2431,x,x,x
194,DIN_933_M8x35_Zn_KL8.8.par:3,id2785,id2623,x,x,x
195,DIN_933_M10x30_Zn_KL8.8.par:2,id2788,id2673,x,x,x
196,DIN_127_M8_Zn_HV200.par:15,id2791,id2163,x,x,x
197,DIN_125_M10_Zn_HV200.par:3,id2794,id2546,x,x,x
198,DIN_125_M10_Zn_HV200.par:4,id2797,id2546,x,x,x
199,DIN_127_M10_Zn_HV200.par:3,id2800,id2584,x,x,x
200,DIN_127_M10_Zn_HV200.par:4,id2803,id2584,x,x,x
201,DIN_933_M10x30_Zn_KL8.8.par:3,id2806,id2673,x,x,x
202,DIN_933_M10x30_Zn_KL8.8.par:4,id2809,id2673,x,x,x
203,DIN_125_M10_Zn_HV200.par:5,id2812,id2546,x,x,x
204,DIN_125_M10_Zn_HV200.par:6,id2815,id2546,x,x,x
205,DIN_127_M10_Zn_HV200.par:5,id2818,id2584,x,x,x
206,DIN_127_M10_Zn_HV200.par:6,id2821,id2584,x,x,x
207,DIN_933_M10x30_Zn_KL8.8.par:5,id2824,id2673,x,x,x
208,DIN_933_M10x30_Zn_KL8.8.par:6,id2827,id2673,x,x,x
209,DIN_125_M10_Zn_HV200.par:7,id2830,id2546,x,x,x
210,DIN_125_M10_Zn_HV200.par:8,id2833,id2546,x,x,x
211,DIN_127_M10_Zn_HV200.par:7,id2836,id2584,x,x,x
212,DIN_127_M10_Zn_HV200.par:8,id2839,id2584,x,x,x
213,DIN_933_M10x30_Zn_KL8.8.par:7,id2842,id2673,x,x,x
214,DIN_933_M10x30_Zn_KL8.8.par:8,id2845,id2673,x,x,x
215,DIN_125_M10_Zn_HV200.par:9,id2848,id2546,x,x,x
216,DIN_125_M10_Zn_HV200.par:10,id2851,id2546,x,x,x
217,DIN_127_M10_Zn_HV200.par:9,id2854,id2584,x,x,x
218,DIN_127_M10_Zn_HV200.par:10,id2857,id2584,x,x,x
219,DIN_933_M10x30_Zn_KL8.8.par:9,id2860,id2673,x,x,x
220,DIN_933_M10x30_Zn_KL8.8.par:10,id2863,id2673,x,x,x
221,DIN_125_M10_Zn_HV200.par:11,id2866,id2546,x,x,x
222,DIN_125_M10_Zn_HV200.par:12,id2869,id2546,x,x,x
223,DIN_127_M10_Zn_HV200.par:11,id2872,id2584,x,x,x
224,DIN_127_M10_Zn_HV200.par:12,id2875,id2584,x,x,x
225,DIN_933_M10x30_Zn_KL8.8.par:11,id2878,id2673,x,x,x
226,DIN_933_M10x30_Zn_KL8.8.par:12,id2881,id2673,x,x,x
227,DIN_125_M10_Zn_HV200.par:13,id2884,id2546,x,x,x
228,DIN_125_M10_Zn_HV200.par:14,id2887,id2546,x,x,x
229,DIN_127_M10_Zn_HV200.par:13,id2890,id2584,x,x,x
230,DIN_127_M10_Zn_HV200.par:14,id2893,id2584,x,x,x
231,DIN_933_M10x30_Zn_KL8.8.par:13,id2896,id2673,x,x,x
232,DIN_933_M10x30_Zn_KL8.8.par:14,id2899,id2673,x,x,x
233,DIN_125_M10_Zn_HV200.par:15,id2902,id2546,x,x,x
234,DIN_125_M10_Zn_HV200.par:16,id2905,id2546,x,x,x
235,DIN_127_M10_Zn_HV200.par:15,id2908,id2584,x,x,x
236,DIN_127_M10_Zn_HV200.par:16,id2911,id2584,x,x,x
237,DIN_933_M10x30_Zn_KL8.8.par:15,id2914,id2673,x,x,x
238,DIN_933_M10x30_Zn_KL8.8.par:16,id2917,id2673,x,x,x
239,DIN_125_M10_Zn_HV200.par:17,id2920,id2546,x,x,x
240,DIN_125_M10_Zn_HV200.par:18,id2923,id2546,x,x,x
241,DIN_127_M10_Zn_HV200.par:17,id2926,id2584,x,x,x
242,DIN_127_M10_Zn_HV200.par:18,id2929,id2584,x,x,x
243,DIN_933_M10x30_Zn_KL8.8.par:17,id2932,id2673,x,x,x
244,DIN_933_M10x30_Zn_KL8.8.par:18,id2935,id2673,x,x,x
245,DIN_125_M10_Zn_HV200.par:19,id2938,id2546,x,x,x
246,DIN_125_M10_Zn_HV200.par:20,id2941,id2546,x,x,x
247,DIN_127_M10_Zn_HV200.par:19,id2944,id2584,x,x,x
248,DIN_127_M10_Zn_HV200.par:20,id2947,id2584,x,x,x
249,DIN_933_M10x30_Zn_KL8.8.par:19,id2950,id2673,x,x,x
250,DIN_933_M10x30_Zn_KL8.8.par:20,id2953,id2673,x,x,x
251,DIN_125_M10_Zn_HV200.par:21,id2956,id2546,x,x,x
252,DIN_125_M10_Zn_HV200.par:22,id2959,id2546,x,x,x
253,DIN_127_M10_Zn_HV200.par:21,id2962,id2584,x,x,x
254,DIN_127_M10_Zn_HV200.par:22,id2965,id2584,x,x,x
255,DIN_933_M10x30_Zn_KL8.8.par:21,id2968,id2673,x,x,x
256,DIN_933_M10x30_Zn_KL8.8.par:22,id2971,id2673,x,x,x
257,DIN_125_M10_Zn_HV200.par:23,id2974,id2546,x,x,x
258,DIN_125_M10_Zn_HV200.par:24,id2977,id2546,x,x,x
259,DIN_127_M10_Zn_HV200.par:23,id2980,id2584,x,x,x
260,DIN_127_M10_Zn_HV200.par:24,id2983,id2584,x,x,x
261,DIN_933_M10x30_Zn_KL8.8.par:23,id2986,id2673,x,x,x
262,DIN_933_M10x30_Zn_KL8.8.par:24,id2989,id2673,x,x,x
263,DIN_125_M10_Zn_HV200.par:25,id2992,id2546,x,x,x
264,DIN_125_M10_Zn_HV200.par:26,id2995,id2546,x,x,x
265,DIN_127_M10_Zn_HV200.par:25,id2998,id2584,x,x,x
266,DIN_127_M10_Zn_HV200.par:26,id3001,id2584,x,x,x
267,DIN_933_M10x30_Zn_KL8.8.par:25,id3004,id2673,x,x,x
268,DIN_933_M10x30_Zn_KL8.8.par:26,id3007,id2673,x,x,x
269,DIN_125_M10_Zn_HV200.par:27,id3010,id2546,x,x,x
270,DIN_125_M10_Zn_HV200.par:28,id3013,id2546,x,x,x
271,DIN_127_M10_Zn_HV200.par:27,id3016,id2584,x,x,x
272,DIN_127_M10_Zn_HV200.par:28,id3019,id2584,x,x,x
273,DIN_933_M10x30_Zn_KL8.8.par:27,id3022,id2673,x,x,x
274,DIN_933_M10x30_Zn_KL8.8.par:28,id3025,id2673,x,x,x
275,DIN_125_M10_Zn_HV200.par:29,id3028,id2546,x,x,x
276,DIN_125_M10_Zn_HV200.par:30,id3031,id2546,x,x,x
277,DIN_127_M10_Zn_HV200.par:29,id3034,id2584,x,x,x
278,DIN_127_M10_Zn_HV200.par:30,id3037,id2584,x,x,x
279,DIN_933_M10x30_Zn_KL8.8.par:29,id3040,id2673,x,x,x
280,DIN_933_M10x30_Zn_KL8.8.par:30,id3043,id2673,x,x,x
281,DIN_125_M10_Zn_HV200.par:31,id3046,id2546,x,x,x
282,DIN_125_M10_Zn_HV200.par:32,id3049,id2546,x,x,x
283,DIN_127_M10_Zn_HV200.par:31,id3052,id2584,x,x,x
284,DIN_127_M10_Zn_HV200.par:32,id3055,id2584,x,x,x
285,DIN_933_M10x30_Zn_KL8.8.par:31,id3058,id2673,x,x,x
286,DIN_933_M10x30_Zn_KL8.8.par:32,id3061,id2673,x,x,x
287,DIN_125_M10_Zn_HV200.par:33,id3064,id2546,x,x,x
288,DIN_125_M10_Zn_HV200.par:34,id3067,id2546,x,x,x
289,DIN_127_M10_Zn_HV200.par:33,id3070,id2584,x,x,x
290,DIN_127_M10_Zn_HV200.par:34,id3073,id2584,x,x,x
291,DIN_933_M10x30_Zn_KL8.8.par:33,id3076,id2673,x,x,x
292,DIN_933_M10x30_Zn_KL8.8.par:34,id3079,id2673,x,x,x
293,DIN_125_M10_Zn_HV200.par:35,id3082,id2546,x,x,x
294,DIN_125_M10_Zn_HV200.par:36,id3085,id2546,x,x,x
295,DIN_127_M10_Zn_HV200.par:35,id3088,id2584,x,x,x
296,DIN_127_M10_Zn_HV200.par:36,id3091,id2584,x,x,x
297,DIN_933_M10x30_Zn_KL8.8.par:35,id3094,id2673,x,x,x
298,DIN_933_M10x30_Zn_KL8.8.par:36,id3097,id2673,x,x,x
299,DIN_125_M10_Zn_HV200.par:37,id3100,id2546,x,x,x
300,DIN_125_M10_Zn_HV200.par:38,id3103,id2546,x,x,x
301,DIN_127_M10_Zn_HV200.par:37,id3106,id2584,x,x,x
302,DIN_127_M10_Zn_HV200.par:38,id3109,id2584,x,x,x
303,DIN_933_M10x30_Zn_KL8.8.par:37,id3112,id2673,x,x,x
304,DIN_933_M10x30_Zn_KL8.8.par:38,id3115,id2673,x,x,x
305,DIN_125_M10_Zn_HV200.par:39,id3118,id2546,x,x,x
306,DIN_125_M10_Zn_HV200.par:40,id3121,id2546,x,x,x
307,DIN_127_M10_Zn_HV200.par:39,id3124,id2584,x,x,x
308,DIN_127_M10_Zn_HV200.par:40,id3127,id2584,x,x,x
309,DIN_933_M10x30_Zn_KL8.8.par:39,id3130,id2673,x,x,x
310,DIN_933_M10x30_Zn_KL8.8.par:40,id3133,id2673,x,x,x
311,DIN_125_M10_Zn_HV200.par:41,id3136,id2546,x,x,x
312,DIN_125_M10_Zn_HV200.par:42,id3139,id2546,x,x,x
313,DIN_127_M10_Zn_HV200.par:41,id3142,id2584,x,x,x
314,DIN_127_M10_Zn_HV200.par:42,id3145,id2584,x,x,x
315,DIN_933_M10x30_Zn_KL8.8.par:41,id3148,id2673,x,x,x
316,DIN_933_M10x30_Zn_KL8.8.par:42,id3151,id2673,x,x,x
317,DIN_125_M10_Zn_HV200.par:43,id3154,id2546,x,x,x
318,DIN_125_M10_Zn_HV200.par:44,id3157,id2546,x,x,x
319,DIN_127_M10_Zn_HV200.par:43,id3160,id2584,x,x,x
320,DIN_127_M10_Zn_HV200.par:44,id3163,id2584,x,x,x
321,DIN_933_M10x30_Zn_KL8.8.par:43,id3166,id2673,x,x,x
322,DIN_933_M10x30_Zn_KL8.8.par:44,id3169,id2673,x,x,x
323,DIN_125_M10_Zn_HV200.par:45,id3172,id2546,x,x,x
324,DIN_125_M10_Zn_HV200.par:46,id3175,id2546,x,x,x
325,DIN_127_M10_Zn_HV200.par:45,id3178,id2584,x,x,x
326,DIN_127_M10_Zn_HV200.par:46,id3181,id2584,x,x,x
327,DIN_933_M10x30_Zn_KL8.8.par:45,id3184,id2673,x,x,x
328,DIN_933_M10x30_Zn_KL8.8.par:46,id3187,id2673,x,x,x
329,DIN_125_M10_Zn_HV200.par:47,id3190,id2546,x,x,x
330,DIN_125_M10_Zn_HV200.par:48,id3193,id2546,x,x,x
331,DIN_127_M10_Zn_HV200.par:47,id3196,id2584,x,x,x
332,DIN_127_M10_Zn_HV200.par:48,id3199,id2584,x,x,x
333,DIN_933_M10x30_Zn_KL8.8.par:47,id3202,id2673,x,x,x
334,DIN_933_M10x30_Zn_KL8.8.par:48,id3205,id2673,x,x,x
335,DIN_125_M10_Zn_HV200.par:49,id3208,id2546,x,x,x
336,DIN_125_M10_Zn_HV200.par:50,id3211,id2546,x,x,x
337,DIN_127_M10_Zn_HV200.par:49,id3214,id2584,x,x,x
338,DIN_127_M10_Zn_HV200.par:50,id3217,id2584,x,x,x
339,DIN_933_M10x30_Zn_KL8.8.par:49,id3220,id2673,x,x,x
340,DIN_933_M10x30_Zn_KL8.8.par:50,id3223,id2673,x,x,x
341,DIN_125_M10_Zn_HV200.par:51,id3226,id2546,x,x,x
342,DIN_125_M10_Zn_HV200.par:52,id3229,id2546,x,x,x
343,DIN_127_M10_Zn_HV200.par:51,id3232,id2584,x,x,x
344,DIN_127_M10_Zn_HV200.par:52,id3235,id2584,x,x,x
345,DIN_933_M10x30_Zn_KL8.8.par:51,id3238,id2673,x,x,x
346,DIN_933_M10x30_Zn_KL8.8.par:52,id3241,id2673,x,x,x
347,DIN_125_M10_Zn_HV200.par:53,id3244,id2546,x,x,x
348,DIN_125_M10_Zn_HV200.par:54,id3247,id2546,x,x,x
349,DIN_127_M10_Zn_HV200.par:53,id3250,id2584,x,x,x
350,DIN_127_M10_Zn_HV200.par:54,id3253,id2584,x,x,x
351,DIN_933_M10x30_Zn_KL8.8.par:53,id3256,id2673,x,x,x
352,DIN_933_M10x30_Zn_KL8.8.par:54,id3259,id2673,x,x,x
353,DIN_933_M8x25_Zn_KL8.8.par:6,id3262,id2234,x,x,x
354,DIN_127_M8_Zn_HV200.par:6,id3265,id2163,x,x,x
355,DIN_127_M8_Zn_HV200.par:10,id3268,id2163,x,x,x
356,DIN_127_M8_Zn_HV200.par:1,id3271,id2163,x,x,x
357,DIN_125_M8_Zn_HV200.par:6,id3274,id2199,x,x,x
358,034P_03.01.00.000S_Slizg.asm:4,id3277,id1158,034P_03.01.00.000S_Slizg,assembly,id1192 id1219 id1246 id1273 id1309 id1313
359,DIN_125_M8_Zn_HV200.par:5,id3292,id2199,x,x,x
360,034P_03.01.00.000S_Slizg.asm:2,id3295,id1158,034P_03.01.00.000S_Slizg,assembly,id1192 id1219 id1246 id1273 id1309 id1313
361,DIN_7991_M8x35_Zn_KL8.8.par:3,id3310,id1908,x,x,x
362,DIN_125_M10_Zn_HV200.par:59,id3313,id2546,x,x,x
363,DIN_125_M10_Zn_HV200.par:60,id3316,id2546,x,x,x
364,034P_03.01.00.000S_Slizg.asm:3,id3319,id1158,034P_03.01.00.000S_Slizg,assembly,id1192 id1219 id1246 id1273 id1309 id1313
365,DIN_125_M10_Zn_HV200.par:61,id3334,id2546,x,x,x
366,034P_03.01.00.000S_Slizg.asm:6,id3337,id1158,034P_03.01.00.000S_Slizg,assembly,id1192 id1219 id1246 id1273 id1309 id1313
367,DIN_125_M10_Zn_HV200.par:62,id3352,id2546,x,x,x
368,DIN_127_M10_Zn_HV200.par:59,id3355,id2584,x,x,x
369,034P_03.01.00.000S_Slizg.asm:8,id3358,id1158,034P_03.01.00.000S_Slizg,assembly,id1192 id1219 id1246 id1273 id1309 id1313
370,"Motoreduktor_CHM_50_7,5_80_B14_B3_CHT_80_D4_1.10_Kw_230-400V-50Hz_4_CHT_MVS_SX_PC_DX.par:1",id3999,id3373,x,x,x
371,DIN_127_M10_Zn_HV200.par:60,id4002,id2584,x,x,x
372,034P_03.01.00.000S_Slizg.asm:9,id4005,id1158,034P_03.01.00.000S_Slizg,assembly,id1192 id1219 id1246 id1273 id1309 id1313
373,DIN_934_M10_Zn_KL8.par:1,id4060,id4020,x,x,x
374,DIN_934_M10_Zn_KL8.par:2,id4063,id4020,x,x,x
375,DIN_933_M10x30_Zn_KL8.8.par:59,id4066,id2673,x,x,x
376,DIN_125_M8_Zn_HV200.par:15,id4069,id2199,x,x,x
377,DIN_125_M8_Zn_HV200.par:3,id4072,id2199,x,x,x
378,DIN_933_M10x30_Zn_KL8.8.par:60,id4075,id2673,x,x,x
379,DIN_933_M8x35_Zn_KL8.8.par:2,id4078,id2623,x,x,x
380,034P_05.05.00.000S_Banda_5.asm:3,id4081,id1317,034P_05.05.00.000S_Banda_5,assembly,id1363 id1390 id1422 id1426 id1430 id1434 id1438 id1484 id1487 id1491 id1495 id1499 id1503 id1507
381,DIN_934_M8_Zn_KL8.par:1,id4150,id4110,x,x,x
382,DIN_125_M10_Zn_HV200.par:63,id4153,id2546,x,x,x
383,DIN_933_M10x30_Zn_KL8.8.par:61,id4156,id2673,x,x,x
384,DIN_125_M10_Zn_HV200.par:64,id4159,id2546,x,x,x
385,DIN_127_M10_Zn_HV200.par:61,id4162,id2584,x,x,x
386,DIN_934_M10_Zn_KL8.par:3,id4165,id4020,x,x,x
387,DIN_125_M10_Zn_HV200.par:65,id4168,id2546,x,x,x
388,DIN_933_M10x30_Zn_KL8.8.par:62,id4171,id2673,x,x,x
389,DIN_125_M10_Zn_HV200.par:66,id4174,id2546,x,x,x
390,DIN_127_M10_Zn_HV200.par:62,id4177,id2584,x,x,x
391,DIN_934_M10_Zn_KL8.par:4,id4180,id4020,x,x,x
392,DIN_933_M8x25_Zn_KL8.8.par:7,id4183,id2234,x,x,x
393,034P_05.05.00.000S_Banda_5.asm:4,id4186,id1317,034P_05.05.00.000S_Banda_5,assembly,id1363 id1390 id1422 id1426 id1430 id1434 id1438 id1484 id1487 id1491 id1495 id1499 id1503 id1507
394,DIN_125_M8_Zn_HV200.par:16,id4215,id2199,x,x,x
395,034P_02.00.00.004_Blacha.psm:1,id4304,id4218,x,x,x
396,DIN_933_M8x25_Zn_KL8.8.par:9,id4307,id2234,x,x,x
397,DIN_933_M8x25_Zn_KL8.8.par:1,id4310,id2234,x,x,x
398,DIN_127_M8_Zn_HV200.par:7,id4313,id2163,x,x,x
399,DIN_127_M8_Zn_HV200.par:4,id4316,id2163,x,x,x
400,DIN_125_M8_Zn_HV200.par:8,id4319,id2199,x,x,x
401,"034P_00.00.00.001_Lancuch_10B-1x703,88.asm:1",id4325,id4322,"034P_00.00.00.001_Lancuch_10B-1x703,88",assembly,id4375 id4423 id4426 id4429 id4432 id4435 id4438 id4441 id4444 id4447 id4450 id4453 id4456 id4459 id4462 id4465 id4468 id4471 id4474 id4477 id4480 id4483 id4486 id4489 id4492 id4495 id4498 id4501 id4504 id4507 id4510 id4513 id4516 id4519 id4522 id4525 id4528 id4531 id4534 id4537 id4540 id4543 id4546 id4549
402,10B-1 Ogniwo A.par:1,id4375,id4328,x,x,x
403,10B-1 Ogniwo B.par:1,id4423,id4378,x,x,x
404,10B-1 Ogniwo A.par:2,id4426,id4328,x,x,x
405,10B-1 Ogniwo A.par:3,id4429,id4328,x,x,x
406,10B-1 Ogniwo A.par:4,id4432,id4328,x,x,x
407,10B-1 Ogniwo A.par:5,id4435,id4328,x,x,x
408,10B-1 Ogniwo A.par:6,id4438,id4328,x,x,x
409,10B-1 Ogniwo A.par:7,id4441,id4328,x,x,x
410,10B-1 Ogniwo A.par:8,id4444,id4328,x,x,x
411,10B-1 Ogniwo A.par:9,id4447,id4328,x,x,x
412,10B-1 Ogniwo A.par:10,id4450,id4328,x,x,x
413,10B-1 Ogniwo A.par:11,id4453,id4328,x,x,x
414,10B-1 Ogniwo A.par:12,id4456,id4328,x,x,x
415,10B-1 Ogniwo A.par:13,id4459,id4328,x,x,x
416,10B-1 Ogniwo A.par:14,id4462,id4328,x,x,x
417,10B-1 Ogniwo A.par:15,id4465,id4328,x,x,x
418,10B-1 Ogniwo A.par:16,id4468,id4328,x,x,x
419,10B-1 Ogniwo A.par:17,id4471,id4328,x,x,x
420,10B-1 Ogniwo A.par:18,id4474,id4328,x,x,x
421,10B-1 Ogniwo A.par:19,id4477,id4328,x,x,x
422,10B-1 Ogniwo A.par:20,id4480,id4328,x,x,x
423,10B-1 Ogniwo A.par:21,id4483,id4328,x,x,x
424,10B-1 Ogniwo A.par:22,id4486,id4328,x,x,x
425,10B-1 Ogniwo B.par:2,id4489,id4378,x,x,x
426,10B-1 Ogniwo B.par:3,id4492,id4378,x,x,x
427,10B-1 Ogniwo B.par:4,id4495,id4378,x,x,x
428,10B-1 Ogniwo B.par:5,id4498,id4378,x,x,x
429,10B-1 Ogniwo B.par:6,id4501,id4378,x,x,x
430,10B-1 Ogniwo B.par:7,id4504,id4378,x,x,x
431,10B-1 Ogniwo B.par:8,id4507,id4378,x,x,x
432,10B-1 Ogniwo B.par:9,id4510,id4378,x,x,x
433,10B-1 Ogniwo B.par:10,id4513,id4378,x,x,x
434,10B-1 Ogniwo B.par:11,id4516,id4378,x,x,x
435,10B-1 Ogniwo B.par:12,id4519,id4378,x,x,x
436,10B-1 Ogniwo B.par:13,id4522,id4378,x,x,x
437,10B-1 Ogniwo B.par:14,id4525,id4378,x,x,x
438,10B-1 Ogniwo B.par:15,id4528,id4378,x,x,x
439,10B-1 Ogniwo B.par:16,id4531,id4378,x,x,x
440,10B-1 Ogniwo B.par:17,id4534,id4378,x,x,x
441,10B-1 Ogniwo B.par:18,id4537,id4378,x,x,x
442,10B-1 Ogniwo B.par:19,id4540,id4378,x,x,x
443,10B-1 Ogniwo B.par:20,id4543,id4378,x,x,x
444,10B-1 Ogniwo B.par:21,id4546,id4378,x,x,x
445,10B-1 Ogniwo B.par:22,id4549,id4378,x,x,x
446,DIN_127_M8_Zn_HV200.par:11,id4552,id2163,x,x,x
447,DIN_985_M8_Zn_KL.8.par:4,id4555,id2295,x,x,x
448,034P_05.20.00.000_Odciag.asm:1,id4561,id4558,034P_05.20.00.000_Odciag,assembly,id4644 id4650
449,Przegub_widelkowy_GN 751-10-20-M10-SL.par:1,id4644,id4564,x,x,x
450,034P_05.20.00.000S_Odciag.asm:1,id4650,id4647,034P_05.20.00.000S_Odciag,assembly,id4702 id4739 id4781
451,034P_05.20.00.002_Blacha.psm:1,id4702,id4653,x,x,x
452,034P_05.20.00.001_Pret_gwintowany_M10.par:1,id4739,id4705,x,x,x
453,034P_05.20.00.003_Blacha.psm:1,id4781,id4742,x,x,x
454,DIN_985_M8_Zn_KL.8.par:2,id4784,id2295,x,x,x
455,034P_05.03.00.000S_Banda_3.asm:1,id4790,id4787,034P_05.03.00.000S_Banda_3,assembly,id4841 id4845 id4849 id4852 id4856 id4860 id4864 id4868 id4872
456,034P_05.03.00.001_Blacha.psm:1,id4841,id4793,x,x,x
457,034P_05.02.00.002_Blacha.psm:1,id4845,id2431,x,x,x
458,DIN_6331_M8_CZ_KL10.par:1,id4849,id1442,x,x,x
459,034P_05.02.00.002_Blacha.psm:2,id4852,id2431,x,x,x
460,034P_05.02.00.002_Blacha.psm:3,id4856,id2431,x,x,x
461,034P_05.02.00.002_Blacha.psm:4,id4860,id2431,x,x,x
462,034P_05.02.00.002_Blacha.psm:5,id4864,id2431,x,x,x
463,034P_05.02.00.002_Blacha.psm:6,id4868,id2431,x,x,x
464,DIN_6331_M8_CZ_KL10.par:2,id4872,id1442,x,x,x
465,DIN_127_M8_Zn_HV200.par:5,id4875,id2163,x,x,x
466,DIN_125_M8_Zn_HV200.par:2,id4878,id2199,x,x,x
467,DIN_7991_M8x35_Zn_KL8.8.par:2,id4881,id1908,x,x,x
468,DIN_7991_M8x35_Zn_KL8.8.par:4,id4884,id1908,x,x,x
469,Kolo_lancuchowe_z_piasta_SM_10B-1_z15_d25.par:1,id5027,id4887,x,x,x
470,DIN_127_M8_Zn_HV200.par:13,id5030,id2163,x,x,x
471,DIN_125_M8_Zn_HV200.par:13,id5033,id2199,x,x,x
472,DIN_933_M8x25_Zn_KL8.8.par:3,id5036,id2234,x,x,x
473,"034P_00.00.00.002_Lancuch_10B-1x509,81.asm:1",id5042,id5039,"034P_00.00.00.002_Lancuch_10B-1x509,81",assembly,id5045 id5048 id5051 id5054 id5057 id5060 id5063 id5066 id5069 id5072 id5075 id5078 id5081 id5084 id5087 id5090 id5093 id5096 id5099 id5102 id5105 id5108 id5111 id5114 id5117 id5120 id5123 id5126 id5129 id5132 id5135 id5138
474,10B-1 Ogniwo A.par:1,id5045,id4328,x,x,x
475,10B-1 Ogniwo B.par:1,id5048,id4378,x,x,x
476,10B-1 Ogniwo A.par:2,id5051,id4328,x,x,x
477,10B-1 Ogniwo A.par:3,id5054,id4328,x,x,x
478,10B-1 Ogniwo A.par:4,id5057,id4328,x,x,x
479,10B-1 Ogniwo A.par:5,id5060,id4328,x,x,x
480,10B-1 Ogniwo A.par:6,id5063,id4328,x,x,x
481,10B-1 Ogniwo A.par:7,id5066,id4328,x,x,x
482,10B-1 Ogniwo A.par:8,id5069,id4328,x,x,x
483,10B-1 Ogniwo A.par:9,id5072,id4328,x,x,x
484,10B-1 Ogniwo A.par:10,id5075,id4328,x,x,x
485,10B-1 Ogniwo A.par:11,id5078,id4328,x,x,x
486,10B-1 Ogniwo A.par:12,id5081,id4328,x,x,x
487,10B-1 Ogniwo A.par:13,id5084,id4328,x,x,x
488,10B-1 Ogniwo A.par:14,id5087,id4328,x,x,x
489,10B-1 Ogniwo A.par:15,id5090,id4328,x,x,x
490,10B-1 Ogniwo B.par:2,id5093,id4378,x,x,x
491,10B-1 Ogniwo B.par:3,id5096,id4378,x,x,x
492,10B-1 Ogniwo B.par:4,id5099,id4378,x,x,x
493,10B-1 Ogniwo B.par:5,id5102,id4378,x,x,x
494,10B-1 Ogniwo B.par:6,id5105,id4378,x,x,x
495,10B-1 Ogniwo B.par:7,id5108,id4378,x,x,x
496,10B-1 Ogniwo B.par:8,id5111,id4378,x,x,x
497,10B-1 Ogniwo B.par:9,id5114,id4378,x,x,x
498,10B-1 Ogniwo B.par:10,id5117,id4378,x,x,x
499,10B-1 Ogniwo B.par:11,id5120,id4378,x,x,x
500,10B-1 Ogniwo B.par:12,id5123,id4378,x,x,x
501,10B-1 Ogniwo B.par:13,id5126,id4378,x,x,x
502,10B-1 Ogniwo B.par:14,id5129,id4378,x,x,x
503,10B-1 Ogniwo B.par:15,id5132,id4378,x,x,x
504,10B-1 Ogniwo A.par:16,id5135,id4328,x,x,x
505,10B-1 Ogniwo B.par:16,id5138,id4378,x,x,x
506,DIN_125_M8_Zn_HV200.par:14,id5141,id2199,x,x,x
507,DIN_127_M8_Zn_HV200.par:12,id5144,id2163,x,x,x
508,DIN_933_M8x25_Zn_KL8.8.par:8,id5147,id2234,x,x,x
509,DIN_985_M8_Zn_KL.8.par:1,id5150,id2295,x,x,x
510,DIN_933_M8x25_Zn_KL8.8.par:11,id5153,id2234,x,x,x
511,DIN_125_M8_Zn_HV200.par:17,id5156,id2199,x,x,x
512,DIN_933_M10x55_Zn_KL8.8.par:1,id5206,id5159,x,x,x
513,034P_06.01.00.000_Oslona_1.asm:1,id5212,id5209,034P_06.01.00.000_Oslona_1,assembly,id5218 id5328 id5332 id5336 id5340 id5344 id5348 id5352 id5356 id5360 id5364 id5368 id5372 id5376
514,034P_06.01.00.000S_Oslona_1.asm:1,id5218,id5215,034P_06.01.00.000S_Oslona_1,assembly,id5277 id5281 id5284 id5287 id5290 id5293 id5296 id5299 id5302
515,034P_06.01.00.001_Blacha.psm:1,id5277,id5221,x,x,x
516,DIN_6331_M8_CZ_KL10.par:1,id5281,id1442,x,x,x
517,DIN_6331_M8_CZ_KL10.par:2,id5284,id1442,x,x,x
518,DIN_6331_M8_CZ_KL10.par:3,id5287,id1442,x,x,x
519,DIN_6331_M8_CZ_KL10.par:4,id5290,id1442,x,x,x
520,DIN_6331_M8_CZ_KL10.par:5,id5293,id1442,x,x,x
521,DIN_6331_M8_CZ_KL10.par:6,id5296,id1442,x,x,x
522,DIN_6331_M8_CZ_KL10.par:7,id5299,id1442,x,x,x
523,DIN_6331_M8_CZ_KL10.par:8,id5302,id1442,x,x,x
524,034P_06.01.00.002_Blacha.psm:1,id5328,id5305,x,x,x
525,DIN_125_M8_Zn_HV200.par:1,id5332,id2199,x,x,x
526,DIN_125_M8_Zn_HV200.par:2,id5336,id2199,x,x,x
527,DIN_125_M8_Zn_HV200.par:3,id5340,id2199,x,x,x
528,DIN_125_M8_Zn_HV200.par:4,id5344,id2199,x,x,x
529,DIN_127_M8_Zn_HV200.par:1,id5348,id2163,x,x,x
530,DIN_127_M8_Zn_HV200.par:2,id5352,id2163,x,x,x
531,DIN_127_M8_Zn_HV200.par:3,id5356,id2163,x,x,x
532,DIN_127_M8_Zn_HV200.par:4,id5360,id2163,x,x,x
533,DIN_933_M8x25_Zn_KL8.8.par:1,id5364,id2234,x,x,x
534,DIN_933_M8x25_Zn_KL8.8.par:2,id5368,id2234,x,x,x
535,DIN_933_M8x25_Zn_KL8.8.par:3,id5372,id2234,x,x,x
536,DIN_933_M8x25_Zn_KL8.8.par:4,id5376,id2234,x,x,x
537,DIN_933_M8x25_Zn_KL8.8.par:5,id5380,id2234,x,x,x
538,DIN_127_M8_Zn_HV200.par:9,id5383,id2163,x,x,x
539,DIN_125_M8_Zn_HV200.par:11,id5386,id2199,x,x,x
540,DIN_933_M8x25_Zn_KL8.8.par:4,id5389,id2234,x,x,x
541,DIN_127_M8_Zn_HV200.par:8,id5392,id2163,x,x,x
542,DIN_125_M8_Zn_HV200.par:10,id5395,id2199,x,x,x
543,DIN_125_M8_Zn_HV200.par:18,id5398,id2199,x,x,x
544,DIN_127_M8_Zn_HV200.par:17,id5401,id2163,x,x,x
545,DIN_127_M8_Zn_HV200.par:16,id5404,id2163,x,x,x
546,DIN_125_M8_Zn_HV200.par:20,id5407,id2199,x,x,x
547,DIN_125_M8_Zn_HV200.par:21,id5410,id2199,x,x,x
548,DIN_125_M8_Zn_HV200.par:19,id5413,id2199,x,x,x
549,DIN_985_M8_Zn_KL.8.par:5,id5416,id2295,x,x,x
550,DIN_985_M8_Zn_KL.8.par:6,id5419,id2295,x,x,x
551,DIN_933_M8x25_Zn_KL8.8.par:12,id5422,id2234,x,x,x
552,DIN_933_M8x25_Zn_KL8.8.par:13,id5425,id2234,x,x,x
553,DIN_985_M8_Zn_KL.8.par:7,id5428,id2295,x,x,x
554,DIN_125_M8_Zn_HV200.par:22,id5431,id2199,x,x,x
555,DIN_985_M8_Zn_KL.8.par:8,id5434,id2295,x,x,x
556,DIN_125_M8_Zn_HV200.par:23,id5437,id2199,x,x,x
557,DIN_985_M8_Zn_KL.8.par:9,id5440,id2295,x,x,x
558,DIN_125_M8_Zn_HV200.par:24,id5443,id2199,x,x,x
559,DIN_985_M8_Zn_KL.8.par:10,id5446,id2295,x,x,x
560,DIN_125_M8_Zn_HV200.par:25,id5449,id2199,x,x,x
561,DIN_985_M8_Zn_KL.8.par:11,id5452,id2295,x,x,x
562,DIN_125_M8_Zn_HV200.par:26,id5455,id2199,x,x,x
563,DIN_985_M8_Zn_KL.8.par:12,id5458,id2295,x,x,x
564,DIN_125_M8_Zn_HV200.par:27,id5461,id2199,x,x,x
565,DIN_985_M8_Zn_KL.8.par:13,id5464,id2295,x,x,x
566,DIN_125_M8_Zn_HV200.par:28,id5467,id2199,x,x,x
567,DIN_985_M8_Zn_KL.8.par:14,id5470,id2295,x,x,x
568,DIN_125_M8_Zn_HV200.par:29,id5473,id2199,x,x,x
569,DIN_985_M8_Zn_KL.8.par:15,id5476,id2295,x,x,x
570,DIN_125_M8_Zn_HV200.par:30,id5479,id2199,x,x,x
571,DIN_985_M8_Zn_KL.8.par:16,id5482,id2295,x,x,x
572,DIN_125_M8_Zn_HV200.par:31,id5485,id2199,x,x,x
573,DIN_985_M8_Zn_KL.8.par:17,id5488,id2295,x,x,x
574,DIN_125_M8_Zn_HV200.par:32,id5491,id2199,x,x,x
575,DIN_985_M8_Zn_KL.8.par:18,id5494,id2295,x,x,x
576,DIN_125_M8_Zn_HV200.par:33,id5497,id2199,x,x,x
577,DIN_985_M8_Zn_KL.8.par:19,id5500,id2295,x,x,x
578,DIN_125_M8_Zn_HV200.par:34,id5503,id2199,x,x,x
579,DIN_125_M8_Zn_HV200.par:35,id5506,id2199,x,x,x
580,DIN_127_M8_Zn_HV200.par:18,id5509,id2163,x,x,x
581,DIN_933_M8x25_Zn_KL8.8.par:14,id5512,id2234,x,x,x
582,DIN_125_M8_Zn_HV200.par:36,id5515,id2199,x,x,x
583,DIN_127_M8_Zn_HV200.par:19,id5518,id2163,x,x,x
584,DIN_933_M8x25_Zn_KL8.8.par:15,id5521,id2234,x,x,x
585,DIN_125_M8_Zn_HV200.par:37,id5524,id2199,x,x,x
586,DIN_127_M8_Zn_HV200.par:20,id5527,id2163,x,x,x
587,DIN_933_M8x25_Zn_KL8.8.par:16,id5530,id2234,x,x,x
588,DIN_125_M8_Zn_HV200.par:38,id5533,id2199,x,x,x
589,DIN_127_M8_Zn_HV200.par:21,id5536,id2163,x,x,x
590,DIN_933_M8x25_Zn_KL8.8.par:17,id5539,id2234,x,x,x
591,DIN_125_M8_Zn_HV200.par:39,id5542,id2199,x,x,x
592,DIN_127_M8_Zn_HV200.par:22,id5545,id2163,x,x,x
593,DIN_933_M8x25_Zn_KL8.8.par:18,id5548,id2234,x,x,x
594,DIN_125_M8_Zn_HV200.par:40,id5551,id2199,x,x,x
595,DIN_127_M8_Zn_HV200.par:23,id5554,id2163,x,x,x
596,DIN_933_M8x25_Zn_KL8.8.par:19,id5557,id2234,x,x,x
597,DIN_125_M8_Zn_HV200.par:41,id5560,id2199,x,x,x
598,DIN_127_M8_Zn_HV200.par:24,id5563,id2163,x,x,x
599,DIN_933_M8x25_Zn_KL8.8.par:20,id5566,id2234,x,x,x
600,DIN_125_M8_Zn_HV200.par:42,id5569,id2199,x,x,x
601,DIN_127_M8_Zn_HV200.par:25,id5572,id2163,x,x,x
602,DIN_933_M8x25_Zn_KL8.8.par:21,id5575,id2234,x,x,x
603,DIN_125_M8_Zn_HV200.par:43,id5578,id2199,x,x,x
604,DIN_127_M8_Zn_HV200.par:26,id5581,id2163,x,x,x
605,DIN_933_M8x25_Zn_KL8.8.par:22,id5584,id2234,x,x,x
606,DIN_125_M8_Zn_HV200.par:44,id5587,id2199,x,x,x
607,DIN_127_M8_Zn_HV200.par:27,id5590,id2163,x,x,x
608,DIN_933_M8x25_Zn_KL8.8.par:23,id5593,id2234,x,x,x
609,DIN_125_M8_Zn_HV200.par:45,id5596,id2199,x,x,x
610,DIN_127_M8_Zn_HV200.par:28,id5599,id2163,x,x,x
611,DIN_933_M8x25_Zn_KL8.8.par:24,id5602,id2234,x,x,x
612,DIN_125_M8_Zn_HV200.par:46,id5605,id2199,x,x,x
613,DIN_127_M8_Zn_HV200.par:29,id5608,id2163,x,x,x
614,DIN_933_M8x25_Zn_KL8.8.par:25,id5611,id2234,x,x,x
615,DIN_125_M8_Zn_HV200.par:47,id5614,id2199,x,x,x
616,DIN_127_M8_Zn_HV200.par:30,id5617,id2163,x,x,x
617,DIN_933_M8x25_Zn_KL8.8.par:26,id5620,id2234,x,x,x
618,DIN_125_M10_Zn_HV200.par:67,id5623,id2546,x,x,x
619,DIN_127_M10_Zn_HV200.par:63,id5626,id2584,x,x,x
620,DIN_933_M10x25_Zn_KL8.8.par:1,id5676,id5629,x,x,x
621,DIN_933_M10x25_Zn_KL8.8.par:2,id5679,id5629,x,x,x
622,DIN_127_M10_Zn_HV200.par:64,id5682,id2584,x,x,x
623,DIN_125_M10_Zn_HV200.par:68,id5685,id2546,x,x,x
624,DIN_933_M10x25_Zn_KL8.8.par:3,id5688,id5629,x,x,x
625,DIN_127_M10_Zn_HV200.par:65,id5691,id2584,x,x,x
626,DIN_125_M10_Zn_HV200.par:69,id5694,id2546,x,x,x
627,DIN_933_M10x25_Zn_KL8.8.par:4,id5697,id5629,x,x,x
628,DIN_127_M10_Zn_HV200.par:66,id5700,id2584,x,x,x
629,DIN_125_M10_Zn_HV200.par:70,id5703,id2546,x,x,x
630,DIN_933_M10x25_Zn_KL8.8.par:5,id5706,id5629,x,x,x
631,DIN_127_M10_Zn_HV200.par:67,id5709,id2584,x,x,x
632,DIN_125_M10_Zn_HV200.par:71,id5712,id2546,x,x,x
633,DIN_933_M10x25_Zn_KL8.8.par:6,id5715,id5629,x,x,x
634,DIN_127_M10_Zn_HV200.par:68,id5718,id2584,x,x,x
635,DIN_125_M10_Zn_HV200.par:72,id5721,id2546,x,x,x
636,DIN_933_M10x25_Zn_KL8.8.par:7,id5724,id5629,x,x,x
637,DIN_127_M10_Zn_HV200.par:69,id5727,id2584,x,x,x
638,DIN_125_M10_Zn_HV200.par:73,id5730,id2546,x,x,x
639,DIN_933_M10x25_Zn_KL8.8.par:8,id5733,id5629,x,x,x
640,DIN_127_M10_Zn_HV200.par:70,id5736,id2584,x,x,x
641,DIN_125_M10_Zn_HV200.par:74,id5739,id2546,x,x,x
642,DIN_933_M10x25_Zn_KL8.8.par:9,id5742,id5629,x,x,x
643,DIN_127_M10_Zn_HV200.par:71,id5745,id2584,x,x,x
644,DIN_125_M10_Zn_HV200.par:75,id5748,id2546,x,x,x
645,DIN_933_M10x25_Zn_KL8.8.par:10,id5751,id5629,x,x,x
646,DIN_127_M10_Zn_HV200.par:72,id5754,id2584,x,x,x
647,DIN_125_M10_Zn_HV200.par:76,id5757,id2546,x,x,x
648,DIN_933_M10x25_Zn_KL8.8.par:11,id5760,id5629,x,x,x
649,DIN_127_M10_Zn_HV200.par:73,id5763,id2584,x,x,x
650,DIN_125_M10_Zn_HV200.par:77,id5766,id2546,x,x,x
651,DIN_933_M10x25_Zn_KL8.8.par:12,id5769,id5629,x,x,x
652,DIN_127_M10_Zn_HV200.par:74,id5772,id2584,x,x,x
653,DIN_125_M10_Zn_HV200.par:78,id5775,id2546,x,x,x
654,DIN_933_M10x25_Zn_KL8.8.par:13,id5778,id5629,x,x,x
655,DIN_127_M10_Zn_HV200.par:75,id5781,id2584,x,x,x
656,DIN_125_M10_Zn_HV200.par:79,id5784,id2546,x,x,x
657,DIN_933_M10x25_Zn_KL8.8.par:14,id5787,id5629,x,x,x
658,DIN_127_M10_Zn_HV200.par:76,id5790,id2584,x,x,x
659,DIN_125_M10_Zn_HV200.par:80,id5793,id2546,x,x,x
660,DIN_933_M10x25_Zn_KL8.8.par:15,id5796,id5629,x,x,x
661,DIN_127_M10_Zn_HV200.par:77,id5799,id2584,x,x,x
662,DIN_125_M10_Zn_HV200.par:81,id5802,id2546,x,x,x
663,DIN_933_M10x25_Zn_KL8.8.par:16,id5805,id5629,x,x,x
664,DIN_127_M10_Zn_HV200.par:78,id5808,id2584,x,x,x
665,DIN_125_M10_Zn_HV200.par:82,id5811,id2546,x,x,x
666,DIN_933_M10x25_Zn_KL8.8.par:17,id5814,id5629,x,x,x
667,DIN_127_M10_Zn_HV200.par:79,id5817,id2584,x,x,x
668,DIN_125_M10_Zn_HV200.par:83,id5820,id2546,x,x,x
669,DIN_933_M10x25_Zn_KL8.8.par:18,id5823,id5629,x,x,x
670,DIN_127_M10_Zn_HV200.par:80,id5826,id2584,x,x,x
671,DIN_125_M10_Zn_HV200.par:84,id5829,id2546,x,x,x
672,DIN_933_M10x25_Zn_KL8.8.par:19,id5832,id5629,x,x,x
673,DIN_127_M10_Zn_HV200.par:81,id5835,id2584,x,x,x
674,DIN_125_M10_Zn_HV200.par:85,id5838,id2546,x,x,x
675,DIN_933_M10x25_Zn_KL8.8.par:20,id5841,id5629,x,x,x
676,DIN_127_M10_Zn_HV200.par:82,id5844,id2584,x,x,x
677,DIN_125_M10_Zn_HV200.par:86,id5847,id2546,x,x,x
678,DIN_933_M10x25_Zn_KL8.8.par:21,id5850,id5629,x,x,x
679,DIN_127_M10_Zn_HV200.par:83,id5853,id2584,x,x,x
680,DIN_125_M10_Zn_HV200.par:87,id5856,id2546,x,x,x
681,DIN_933_M10x25_Zn_KL8.8.par:22,id5859,id5629,x,x,x
682,DIN_127_M10_Zn_HV200.par:84,id5862,id2584,x,x,x
683,DIN_125_M10_Zn_HV200.par:88,id5865,id2546,x,x,x
684,DIN_933_M10x25_Zn_KL8.8.par:23,id5868,id5629,x,x,x
685,DIN_127_M10_Zn_HV200.par:85,id5871,id2584,x,x,x
686,DIN_125_M10_Zn_HV200.par:89,id5874,id2546,x,x,x
687,DIN_933_M10x25_Zn_KL8.8.par:24,id5877,id5629,x,x,x
688,DIN_127_M10_Zn_HV200.par:86,id5880,id2584,x,x,x
689,DIN_125_M10_Zn_HV200.par:90,id5883,id2546,x,x,x
690,DIN_933_M10x25_Zn_KL8.8.par:25,id5886,id5629,x,x,x
691,DIN_127_M10_Zn_HV200.par:87,id5889,id2584,x,x,x
692,DIN_125_M10_Zn_HV200.par:91,id5892,id2546,x,x,x
693,DIN_933_M10x25_Zn_KL8.8.par:26,id5895,id5629,x,x,x
694,DIN_127_M10_Zn_HV200.par:88,id5898,id2584,x,x,x
695,DIN_125_M10_Zn_HV200.par:92,id5901,id2546,x,x,x
696,DIN_933_M10x25_Zn_KL8.8.par:27,id5904,id5629,x,x,x
697,DIN_127_M10_Zn_HV200.par:89,id5907,id2584,x,x,x
698,DIN_125_M10_Zn_HV200.par:93,id5910,id2546,x,x,x
699,DIN_933_M10x25_Zn_KL8.8.par:28,id5913,id5629,x,x,x
700,DIN_127_M10_Zn_HV200.par:90,id5916,id2584,x,x,x
701,DIN_125_M10_Zn_HV200.par:94,id5919,id2546,x,x,x
702,DIN_933_M10x25_Zn_KL8.8.par:29,id5922,id5629,x,x,x
703,DIN_127_M10_Zn_HV200.par:91,id5925,id2584,x,x,x
704,DIN_125_M10_Zn_HV200.par:95,id5928,id2546,x,x,x
705,DIN_125_M12_Zn_HV200.par:1,id5960,id5931,x,x,x
706,DIN_125_M12_Zn_HV200.par:2,id5963,id5931,x,x,x
707,DIN_127_M12_Zn_HV200.par:1,id5999,id5966,x,x,x
708,DIN_985_M12_Zn_KL8.par:1,id6050,id6002,x,x,x
709,034P_05.08.00.000S_Banda_8.asm:2,id6056,id6053,034P_05.08.00.000S_Banda_8,assembly,id6123 id6126 id6164 id6167 id6170 id6237 id6275 id6313 id6316 id6319 id6322 id6325
710,034P_05.08.00.001_Blacha.psm:1,id6123,id6059,x,x,x
711,DIN_6331_M8_CZ_KL10.par:2,id6126,id1442,x,x,x
712,034P_05.06.00.003_Katownik_z_g_30x30x3_S235JR.par:1,id6164,id6129,x,x,x
713,034P_05.08.00.001_Blacha.psm:2,id6167,id6059,x,x,x
714,034P_05.08.00.001_Blacha.psm:3,id6170,id6059,x,x,x
715,034P_05.06.00.007_Blacha.psm:1,id6237,id6173,x,x,x
716,034P_05.06.00.004_Katownik_z_g_30x30x3_S235JR.par:1,id6275,id6240,x,x,x
717,034P_05.06.00.002_Katownik_z_g_30x30x3_S235JR.par:1,id6313,id6278,x,x,x
718,DIN_6331_M8_CZ_KL10.par:1,id6316,id1442,x,x,x
719,034P_05.06.00.002_Katownik_z_g_30x30x3_S235JR.par:2,id6319,id6278,x,x,x
720,034P_05.06.00.002_Katownik_z_g_30x30x3_S235JR.par:3,id6322,id6278,x,x,x
721,034P_05.06.00.002_Katownik_z_g_30x30x3_S235JR.par:4,id6325,id6278,x,x,x
722,DIN_931_M12x90_Zn_KL8.8.par:1,id6383,id6328,x,x,x
723,DIN_125_M12_Zn_HV200.par:3,id6386,id5931,x,x,x
724,DIN_985_M12_Zn_KL8.par:2,id6389,id6002,x,x,x
725,DIN_931_M12x90_Zn_KL8.8.par:2,id6392,id6328,x,x,x
726,DIN_125_M12_Zn_HV200.par:4,id6395,id5931,x,x,x
727,DIN_127_M12_Zn_HV200.par:2,id6398,id5966,x,x,x
728,DIN_125_M12_Zn_HV200.par:5,id6401,id5931,x,x,x
729,DIN_985_M12_Zn_KL8.par:3,id6404,id6002,x,x,x
730,DIN_931_M12x90_Zn_KL8.8.par:3,id6407,id6328,x,x,x
731,DIN_125_M12_Zn_HV200.par:6,id6410,id5931,x,x,x
732,DIN_127_M12_Zn_HV200.par:3,id6413,id5966,x,x,x
733,DIN_125_M12_Zn_HV200.par:7,id6416,id5931,x,x,x
734,DIN_985_M12_Zn_KL8.par:4,id6419,id6002,x,x,x
735,DIN_931_M12x90_Zn_KL8.8.par:4,id6422,id6328,x,x,x
736,DIN_125_M12_Zn_HV200.par:8,id6425,id5931,x,x,x
737,DIN_127_M12_Zn_HV200.par:4,id6428,id5966,x,x,x
738,DIN_125_M12_Zn_HV200.par:9,id6431,id5931,x,x,x
739,DIN_985_M12_Zn_KL8.par:5,id6434,id6002,x,x,x
740,DIN_931_M12x90_Zn_KL8.8.par:5,id6437,id6328,x,x,x
741,DIN_125_M12_Zn_HV200.par:10,id6440,id5931,x,x,x
742,DIN_127_M12_Zn_HV200.par:5,id6443,id5966,x,x,x
743,DIN_125_M12_Zn_HV200.par:11,id6446,id5931,x,x,x
744,DIN_985_M12_Zn_KL8.par:6,id6449,id6002,x,x,x
745,DIN_931_M12x90_Zn_KL8.8.par:6,id6452,id6328,x,x,x
746,DIN_125_M12_Zn_HV200.par:12,id6455,id5931,x,x,x
747,DIN_127_M12_Zn_HV200.par:6,id6458,id5966,x,x,x
748,DIN_125_M12_Zn_HV200.par:13,id6461,id5931,x,x,x
749,DIN_985_M12_Zn_KL8.par:7,id6464,id6002,x,x,x
750,DIN_931_M12x90_Zn_KL8.8.par:7,id6467,id6328,x,x,x
751,DIN_125_M12_Zn_HV200.par:14,id6470,id5931,x,x,x
752,DIN_127_M12_Zn_HV200.par:7,id6473,id5966,x,x,x
753,DIN_933_M10x25_Zn_KL8.8.par:30,id6476,id5629,x,x,x
754,034P_05.06.00.000S_Banda_6.asm:1,id6482,id6479,034P_05.06.00.000S_Banda_6,assembly,id6545 id6548 id6551 id6554 id6557 id6560 id6563 id6566 id6569 id6572 id6575 id6578
755,034P_05.06.00.001_Blacha.psm:1,id6545,id6485,x,x,x
756,034P_05.06.00.002_Katownik_z_g_30x30x3_S235JR.par:1,id6548,id6278,x,x,x
757,034P_05.06.00.003_Katownik_z_g_30x30x3_S235JR.par:1,id6551,id6129,x,x,x
758,034P_05.06.00.001_Blacha.psm:2,id6554,id6485,x,x,x
759,034P_05.06.00.001_Blacha.psm:3,id6557,id6485,x,x,x
760,034P_05.06.00.007_Blacha.psm:1,id6560,id6173,x,x,x
761,034P_05.06.00.004_Katownik_z_g_30x30x3_S235JR.par:1,id6563,id6240,x,x,x
762,034P_05.06.00.002_Katownik_z_g_30x30x3_S235JR.par:2,id6566,id6278,x,x,x
763,034P_05.06.00.002_Katownik_z_g_30x30x3_S235JR.par:3,id6569,id6278,x,x,x
764,034P_05.06.00.002_Katownik_z_g_30x30x3_S235JR.par:4,id6572,id6278,x,x,x
765,DIN_6331_M8_CZ_KL10.par:1,id6575,id1442,x,x,x
766,DIN_6331_M8_CZ_KL10.par:2,id6578,id1442,x,x,x
767,DIN_125_M8_Zn_HV200.par:116,id6581,id2199,x,x,x
768,034P_05.08.00.000S_Banda_8.asm:1,id6584,id6053,034P_05.08.00.000S_Banda_8,assembly,id6123 id6126 id6164 id6167 id6170 id6237 id6275 id6313 id6316 id6319 id6322 id6325
769,"034P_00.00.00.001_Lancuch_10B-1x703,88.asm:26",id6599,id4322,"034P_00.00.00.001_Lancuch_10B-1x703,88",assembly,id4375 id4423 id4426 id4429 id4432 id4435 id4438 id4441 id4444 id4447 id4450 id4453 id4456 id4459 id4462 id4465 id4468 id4471 id4474 id4477 id4480 id4483 id4486 id4489 id4492 id4495 id4498 id4501 id4504 id4507 id4510 id4513 id4516 id4519 id4522 id4525 id4528 id4531 id4534 id4537 id4540 id4543 id4546 id4549
770,034P_05.20.00.000_Odciag.asm:2,id6646,id4558,034P_05.20.00.000_Odciag,assembly,id4644 id4650
771,034P_05.08.00.000S_Banda_8.asm:3,id6654,id6053,034P_05.08.00.000S_Banda_8,assembly,id6123 id6126 id6164 id6167 id6170 id6237 id6275 id6313 id6316 id6319 id6322 id6325
772,034P_05.20.00.000_Odciag.asm:3,id6669,id4558,034P_05.20.00.000_Odciag,assembly,id4644 id4650
773,034P_05.20.00.000_Odciag.asm:4,id6677,id4558,034P_05.20.00.000_Odciag,assembly,id4644 id4650
774,034P_05.20.00.000_Odciag.asm:5,id6685,id4558,034P_05.20.00.000_Odciag,assembly,id4644 id4650
775,034P_05.20.00.000_Odciag.asm:6,id6693,id4558,034P_05.20.00.000_Odciag,assembly,id4644 id4650
776,034P_05.20.00.000_Odciag.asm:7,id6701,id4558,034P_05.20.00.000_Odciag,assembly,id4644 id4650
777,034P_05.09.00.000_Banda_9.asm:1,id6712,id6709,034P_05.09.00.000_Banda_9,assembly,id6718 id6869 id6872 id6875 id6878 id6881 id6884 id6887
778,034P_05.09.00.000S_Banda_9.asm:1,id6718,id6715,034P_05.09.00.000S_Banda_9,assembly,id6816 id6819 id6822 id6825
779,034P_05.09.00.001_Blacha.psm:1,id6816,id6721,x,x,x
780,034P_05.05.00.002_Blacha.psm:1,id6819,id1367,x,x,x
781,DIN_6331_M8_CZ_KL10.par:1,id6822,id1442,x,x,x
782,DIN_6331_M8_CZ_KL10.par:2,id6825,id1442,x,x,x
783,034P_05.09.00.002_Blacha.psm:1,id6869,id6828,x,x,x
784,DIN_125_M8_Zn_HV200.par:2,id6872,id2199,x,x,x
785,DIN_125_M8_Zn_HV200.par:3,id6875,id2199,x,x,x
786,DIN_127_M8_Zn_HV200.par:2,id6878,id2163,x,x,x
787,DIN_127_M8_Zn_HV200.par:3,id6881,id2163,x,x,x
788,DIN_933_M8x25_Zn_KL8.8.par:2,id6884,id2234,x,x,x
789,DIN_933_M8x25_Zn_KL8.8.par:3,id6887,id2234,x,x,x
790,DIN_125_M8_Zn_HV200.par:48,id6890,id2199,x,x,x
791,DIN_127_M8_Zn_HV200.par:31,id6893,id2163,x,x,x
792,DIN_933_M8x25_Zn_KL8.8.par:27,id6896,id2234,x,x,x
793,DIN_125_M8_Zn_HV200.par:49,id6899,id2199,x,x,x
794,DIN_127_M8_Zn_HV200.par:32,id6902,id2163,x,x,x
795,DIN_933_M8x25_Zn_KL8.8.par:28,id6905,id2234,x,x,x
796,DIN_933_M8x25_Zn_KL8.8.par:29,id6908,id2234,x,x,x
797,DIN_127_M8_Zn_HV200.par:33,id6911,id2163,x,x,x
798,DIN_125_M8_Zn_HV200.par:50,id6914,id2199,x,x,x
799,DIN_127_M8_Zn_HV200.par:34,id6917,id2163,x,x,x
800,DIN_125_M8_Zn_HV200.par:51,id6920,id2199,x,x,x
801,DIN_933_M8x25_Zn_KL8.8.par:30,id6923,id2234,x,x,x
802,DIN_933_M8x25_Zn_KL8.8.par:31,id6926,id2234,x,x,x
803,DIN_127_M8_Zn_HV200.par:35,id6929,id2163,x,x,x
804,DIN_125_M8_Zn_HV200.par:52,id6932,id2199,x,x,x
805,DIN_127_M8_Zn_HV200.par:36,id6935,id2163,x,x,x
806,DIN_125_M8_Zn_HV200.par:53,id6938,id2199,x,x,x
807,DIN_933_M8x25_Zn_KL8.8.par:32,id6941,id2234,x,x,x
808,DIN_933_M8x25_Zn_KL8.8.par:33,id6944,id2234,x,x,x
809,DIN_127_M8_Zn_HV200.par:37,id6947,id2163,x,x,x
810,DIN_125_M8_Zn_HV200.par:54,id6950,id2199,x,x,x
811,DIN_127_M8_Zn_HV200.par:38,id6953,id2163,x,x,x
812,DIN_125_M8_Zn_HV200.par:55,id6956,id2199,x,x,x
813,DIN_933_M8x25_Zn_KL8.8.par:34,id6959,id2234,x,x,x
814,DIN_125_M8_Zn_HV200.par:56,id6962,id2199,x,x,x
815,DIN_127_M8_Zn_HV200.par:39,id6965,id2163,x,x,x
816,DIN_933_M8x25_Zn_KL8.8.par:35,id6968,id2234,x,x,x
817,DIN_933_M8x25_Zn_KL8.8.par:36,id6971,id2234,x,x,x
818,DIN_127_M8_Zn_HV200.par:40,id6974,id2163,x,x,x
819,DIN_125_M8_Zn_HV200.par:57,id6977,id2199,x,x,x
820,DIN_933_M8x25_Zn_KL8.8.par:37,id6980,id2234,x,x,x
821,DIN_127_M8_Zn_HV200.par:41,id6983,id2163,x,x,x
822,DIN_125_M8_Zn_HV200.par:58,id6986,id2199,x,x,x
823,DIN_933_M8x25_Zn_KL8.8.par:38,id6989,id2234,x,x,x
824,DIN_127_M8_Zn_HV200.par:42,id6992,id2163,x,x,x
825,DIN_125_M8_Zn_HV200.par:59,id6995,id2199,x,x,x
826,DIN_933_M8x25_Zn_KL8.8.par:39,id6998,id2234,x,x,x
827,DIN_127_M8_Zn_HV200.par:43,id7001,id2163,x,x,x
828,DIN_125_M8_Zn_HV200.par:60,id7004,id2199,x,x,x
829,DIN_933_M8x25_Zn_KL8.8.par:40,id7007,id2234,x,x,x
830,DIN_127_M8_Zn_HV200.par:44,id7010,id2163,x,x,x
831,DIN_125_M8_Zn_HV200.par:61,id7013,id2199,x,x,x
832,DIN_933_M8x25_Zn_KL8.8.par:41,id7016,id2234,x,x,x
833,DIN_127_M8_Zn_HV200.par:45,id7019,id2163,x,x,x
834,DIN_125_M8_Zn_HV200.par:62,id7022,id2199,x,x,x
835,DIN_933_M8x25_Zn_KL8.8.par:42,id7025,id2234,x,x,x
836,DIN_127_M8_Zn_HV200.par:46,id7028,id2163,x,x,x
837,DIN_125_M8_Zn_HV200.par:63,id7031,id2199,x,x,x
838,DIN_933_M8x25_Zn_KL8.8.par:43,id7034,id2234,x,x,x
839,DIN_127_M8_Zn_HV200.par:47,id7037,id2163,x,x,x
840,DIN_125_M8_Zn_HV200.par:64,id7040,id2199,x,x,x
841,DIN_933_M8x25_Zn_KL8.8.par:44,id7043,id2234,x,x,x
842,DIN_127_M8_Zn_HV200.par:48,id7046,id2163,x,x,x
843,DIN_125_M8_Zn_HV200.par:65,id7049,id2199,x,x,x
844,DIN_933_M8x25_Zn_KL8.8.par:45,id7052,id2234,x,x,x
845,DIN_127_M8_Zn_HV200.par:49,id7055,id2163,x,x,x
846,DIN_125_M8_Zn_HV200.par:66,id7058,id2199,x,x,x
847,DIN_933_M8x25_Zn_KL8.8.par:46,id7061,id2234,x,x,x
848,DIN_127_M8_Zn_HV200.par:50,id7064,id2163,x,x,x
849,DIN_125_M8_Zn_HV200.par:67,id7067,id2199,x,x,x
850,DIN_933_M8x25_Zn_KL8.8.par:47,id7070,id2234,x,x,x
851,DIN_127_M8_Zn_HV200.par:51,id7073,id2163,x,x,x
852,DIN_125_M8_Zn_HV200.par:68,id7076,id2199,x,x,x
853,DIN_933_M8x25_Zn_KL8.8.par:48,id7079,id2234,x,x,x
854,DIN_127_M8_Zn_HV200.par:52,id7082,id2163,x,x,x
855,DIN_125_M8_Zn_HV200.par:69,id7085,id2199,x,x,x
856,DIN_933_M8x25_Zn_KL8.8.par:49,id7088,id2234,x,x,x
857,DIN_127_M8_Zn_HV200.par:53,id7091,id2163,x,x,x
858,DIN_125_M8_Zn_HV200.par:70,id7094,id2199,x,x,x
859,DIN_933_M8x25_Zn_KL8.8.par:50,id7097,id2234,x,x,x
860,DIN_127_M8_Zn_HV200.par:54,id7100,id2163,x,x,x
861,DIN_125_M8_Zn_HV200.par:71,id7103,id2199,x,x,x
862,DIN_933_M8x25_Zn_KL8.8.par:52,id7106,id2234,x,x,x
863,DIN_127_M8_Zn_HV200.par:56,id7109,id2163,x,x,x
864,DIN_125_M8_Zn_HV200.par:73,id7112,id2199,x,x,x
865,DIN_933_M8x25_Zn_KL8.8.par:53,id7115,id2234,x,x,x
866,DIN_127_M8_Zn_HV200.par:57,id7118,id2163,x,x,x
867,DIN_125_M8_Zn_HV200.par:74,id7121,id2199,x,x,x
868,DIN_933_M8x25_Zn_KL8.8.par:54,id7124,id2234,x,x,x
869,DIN_127_M8_Zn_HV200.par:58,id7127,id2163,x,x,x
870,DIN_125_M8_Zn_HV200.par:75,id7130,id2199,x,x,x
871,DIN_933_M8x25_Zn_KL8.8.par:55,id7133,id2234,x,x,x
872,DIN_127_M8_Zn_HV200.par:59,id7136,id2163,x,x,x
873,DIN_125_M8_Zn_HV200.par:76,id7139,id2199,x,x,x
874,DIN_933_M8x25_Zn_KL8.8.par:56,id7142,id2234,x,x,x
875,DIN_127_M8_Zn_HV200.par:60,id7145,id2163,x,x,x
876,DIN_125_M8_Zn_HV200.par:77,id7148,id2199,x,x,x
877,DIN_933_M8x25_Zn_KL8.8.par:58,id7151,id2234,x,x,x
878,DIN_127_M8_Zn_HV200.par:62,id7154,id2163,x,x,x
879,DIN_125_M8_Zn_HV200.par:79,id7157,id2199,x,x,x
880,DIN_933_M8x25_Zn_KL8.8.par:59,id7160,id2234,x,x,x
881,DIN_127_M8_Zn_HV200.par:63,id7163,id2163,x,x,x
882,DIN_125_M8_Zn_HV200.par:80,id7166,id2199,x,x,x
883,DIN_933_M8x25_Zn_KL8.8.par:57,id7169,id2234,x,x,x
884,DIN_127_M8_Zn_HV200.par:61,id7172,id2163,x,x,x
885,DIN_125_M8_Zn_HV200.par:81,id7175,id2199,x,x,x
886,DIN_933_M8x25_Zn_KL8.8.par:60,id7178,id2234,x,x,x
887,DIN_127_M8_Zn_HV200.par:64,id7181,id2163,x,x,x
888,DIN_125_M8_Zn_HV200.par:82,id7184,id2199,x,x,x
889,DIN_933_M8x25_Zn_KL8.8.par:61,id7187,id2234,x,x,x
890,DIN_127_M8_Zn_HV200.par:65,id7190,id2163,x,x,x
891,DIN_125_M8_Zn_HV200.par:83,id7193,id2199,x,x,x
892,DIN_933_M8x25_Zn_KL8.8.par:62,id7196,id2234,x,x,x
893,DIN_127_M8_Zn_HV200.par:66,id7199,id2163,x,x,x
894,DIN_125_M8_Zn_HV200.par:84,id7202,id2199,x,x,x
895,DIN_933_M8x25_Zn_KL8.8.par:63,id7205,id2234,x,x,x
896,DIN_127_M8_Zn_HV200.par:67,id7208,id2163,x,x,x
897,DIN_125_M8_Zn_HV200.par:85,id7211,id2199,x,x,x
898,DIN_125_M8_Zn_HV200.par:88,id7214,id2199,x,x,x
899,DIN_127_M8_Zn_HV200.par:70,id7217,id2163,x,x,x
900,DIN_933_M8x25_Zn_KL8.8.par:66,id7220,id2234,x,x,x
901,DIN_125_M8_Zn_HV200.par:89,id7223,id2199,x,x,x
902,DIN_127_M8_Zn_HV200.par:71,id7226,id2163,x,x,x
903,DIN_933_M8x25_Zn_KL8.8.par:67,id7229,id2234,x,x,x
904,DIN_125_M8_Zn_HV200.par:90,id7232,id2199,x,x,x
905,DIN_985_M8_Zn_KL.8.par:20,id7235,id2295,x,x,x
906,DIN_933_M8x30_Zn_KL8.8.par:2,id7285,id7238,x,x,x
907,DIN_127_M8_Zn_HV200.par:72,id7288,id2163,x,x,x
908,DIN_125_M8_Zn_HV200.par:92,id7291,id2199,x,x,x
909,DIN_985_M8_Zn_KL.8.par:22,id7294,id2295,x,x,x
910,DIN_125_M8_Zn_HV200.par:93,id7297,id2199,x,x,x
911,DIN_933_M8x25_Zn_KL8.8.par:68,id7300,id2234,x,x,x
912,DIN_125_M8_Zn_HV200.par:117,id7303,id2199,x,x,x
913,DIN_127_M8_Zn_HV200.par:85,id7306,id2163,x,x,x
914,DIN_127_M8_Zn_HV200.par:84,id7309,id2163,x,x,x
915,DIN_985_M8_Zn_KL.8.par:23,id7312,id2295,x,x,x
916,DIN_125_M8_Zn_HV200.par:91,id7315,id2199,x,x,x
917,DIN_125_M8_Zn_HV200.par:94,id7318,id2199,x,x,x
918,DIN_127_M8_Zn_HV200.par:73,id7321,id2163,x,x,x
919,DIN_933_M8x30_Zn_KL8.8.par:4,id7324,id7238,x,x,x
920,DIN_985_M8_Zn_KL.8.par:24,id7327,id2295,x,x,x
921,DIN_125_M8_Zn_HV200.par:95,id7330,id2199,x,x,x
922,DIN_125_M8_Zn_HV200.par:96,id7333,id2199,x,x,x
923,DIN_127_M8_Zn_HV200.par:74,id7336,id2163,x,x,x
924,DIN_933_M8x30_Zn_KL8.8.par:5,id7339,id7238,x,x,x
925,DIN_933_M8x30_Zn_KL8.8.par:6,id7342,id7238,x,x,x
926,DIN_127_M8_Zn_HV200.par:75,id7345,id2163,x,x,x
927,DIN_125_M8_Zn_HV200.par:97,id7348,id2199,x,x,x
928,DIN_985_M8_Zn_KL.8.par:25,id7351,id2295,x,x,x
929,DIN_125_M8_Zn_HV200.par:98,id7354,id2199,x,x,x
930,DIN_933_M8x30_Zn_KL8.8.par:7,id7357,id7238,x,x,x
931,DIN_127_M8_Zn_HV200.par:76,id7360,id2163,x,x,x
932,DIN_125_M8_Zn_HV200.par:99,id7363,id2199,x,x,x
933,DIN_985_M8_Zn_KL.8.par:26,id7366,id2295,x,x,x
934,DIN_125_M8_Zn_HV200.par:100,id7369,id2199,x,x,x
935,DIN_933_M8x30_Zn_KL8.8.par:8,id7372,id7238,x,x,x
936,DIN_985_M8_Zn_KL.8.par:27,id7375,id2295,x,x,x
937,DIN_125_M8_Zn_HV200.par:101,id7378,id2199,x,x,x
938,DIN_125_M8_Zn_HV200.par:102,id7381,id2199,x,x,x
939,DIN_127_M8_Zn_HV200.par:77,id7384,id2163,x,x,x
940,DIN_933_M8x30_Zn_KL8.8.par:9,id7387,id7238,x,x,x
941,DIN_127_M8_Zn_HV200.par:78,id7390,id2163,x,x,x
942,DIN_125_M8_Zn_HV200.par:103,id7393,id2199,x,x,x
943,DIN_985_M8_Zn_KL.8.par:28,id7396,id2295,x,x,x
944,DIN_125_M8_Zn_HV200.par:104,id7399,id2199,x,x,x
945,DIN_933_M8x30_Zn_KL8.8.par:10,id7402,id7238,x,x,x
946,DIN_127_M8_Zn_HV200.par:79,id7405,id2163,x,x,x
947,DIN_125_M8_Zn_HV200.par:105,id7408,id2199,x,x,x
948,DIN_985_M8_Zn_KL.8.par:29,id7411,id2295,x,x,x
949,DIN_125_M8_Zn_HV200.par:106,id7414,id2199,x,x,x
950,DIN_933_M8x30_Zn_KL8.8.par:11,id7417,id7238,x,x,x
951,DIN_985_M8_Zn_KL.8.par:30,id7420,id2295,x,x,x
952,DIN_125_M8_Zn_HV200.par:107,id7423,id2199,x,x,x
953,DIN_125_M8_Zn_HV200.par:108,id7426,id2199,x,x,x
954,DIN_127_M8_Zn_HV200.par:80,id7429,id2163,x,x,x
955,DIN_933_M8x30_Zn_KL8.8.par:12,id7432,id7238,x,x,x
956,DIN_127_M8_Zn_HV200.par:81,id7435,id2163,x,x,x
957,DIN_125_M8_Zn_HV200.par:109,id7438,id2199,x,x,x
958,DIN_985_M8_Zn_KL.8.par:31,id7441,id2295,x,x,x
959,DIN_125_M8_Zn_HV200.par:110,id7444,id2199,x,x,x
960,DIN_933_M8x30_Zn_KL8.8.par:13,id7447,id7238,x,x,x
961,DIN_127_M8_Zn_HV200.par:82,id7450,id2163,x,x,x
962,DIN_125_M8_Zn_HV200.par:111,id7453,id2199,x,x,x
963,DIN_985_M8_Zn_KL.8.par:32,id7456,id2295,x,x,x
964,DIN_125_M8_Zn_HV200.par:112,id7459,id2199,x,x,x
965,DIN_933_M8x30_Zn_KL8.8.par:14,id7462,id7238,x,x,x
966,DIN_985_M8_Zn_KL.8.par:33,id7465,id2295,x,x,x
967,DIN_125_M8_Zn_HV200.par:113,id7468,id2199,x,x,x
968,DIN_125_M8_Zn_HV200.par:114,id7471,id2199,x,x,x
969,DIN_127_M8_Zn_HV200.par:83,id7474,id2163,x,x,x
970,"034P_00.00.00.001_Lancuch_10B-1x703,88.asm:2",id7477,id4322,"034P_00.00.00.001_Lancuch_10B-1x703,88",assembly,id4375 id4423 id4426 id4429 id4432 id4435 id4438 id4441 id4444 id4447 id4450 id4453 id4456 id4459 id4462 id4465 id4468 id4471 id4474 id4477 id4480 id4483 id4486 id4489 id4492 id4495 id4498 id4501 id4504 id4507 id4510 id4513 id4516 id4519 id4522 id4525 id4528 id4531 id4534 id4537 id4540 id4543 id4546 id4549
971,"034P_00.00.00.001_Lancuch_10B-1x703,88.asm:3",id7524,id4322,"034P_00.00.00.001_Lancuch_10B-1x703,88",assembly,id4375 id4423 id4426 id4429 id4432 id4435 id4438 id4441 id4444 id4447 id4450 id4453 id4456 id4459 id4462 id4465 id4468 id4471 id4474 id4477 id4480 id4483 id4486 id4489 id4492 id4495 id4498 id4501 id4504 id4507 id4510 id4513 id4516 id4519 id4522 id4525 id4528 id4531 id4534 id4537 id4540 id4543 id4546 id4549
972,"034P_00.00.00.001_Lancuch_10B-1x703,88.asm:4",id7571,id4322,"034P_00.00.00.001_Lancuch_10B-1x703,88",assembly,id4375 id4423 id4426 id4429 id4432 id4435 id4438 id4441 id4444 id4447 id4450 id4453 id4456 id4459 id4462 id4465 id4468 id4471 id4474 id4477 id4480 id4483 id4486 id4489 id4492 id4495 id4498 id4501 id4504 id4507 id4510 id4513 id4516 id4519 id4522 id4525 id4528 id4531 id4534 id4537 id4540 id4543 id4546 id4549
973,"034P_00.00.00.001_Lancuch_10B-1x703,88.asm:5",id7618,id4322,"034P_00.00.00.001_Lancuch_10B-1x703,88",assembly,id4375 id4423 id4426 id4429 id4432 id4435 id4438 id4441 id4444 id4447 id4450 id4453 id4456 id4459 id4462 id4465 id4468 id4471 id4474 id4477 id4480 id4483 id4486 id4489 id4492 id4495 id4498 id4501 id4504 id4507 id4510 id4513 id4516 id4519 id4522 id4525 id4528 id4531 id4534 id4537 id4540 id4543 id4546 id4549
974,"034P_00.00.00.001_Lancuch_10B-1x703,88.asm:6",id7665,id4322,"034P_00.00.00.001_Lancuch_10B-1x703,88",assembly,id4375 id4423 id4426 id4429 id4432 id4435 id4438 id4441 id4444 id4447 id4450 id4453 id4456 id4459 id4462 id4465 id4468 id4471 id4474 id4477 id4480 id4483 id4486 id4489 id4492 id4495 id4498 id4501 id4504 id4507 id4510 id4513 id4516 id4519 id4522 id4525 id4528 id4531 id4534 id4537 id4540 id4543 id4546 id4549
975,"034P_00.00.00.001_Lancuch_10B-1x703,88.asm:7",id7712,id4322,"034P_00.00.00.001_Lancuch_10B-1x703,88",assembly,id4375 id4423 id4426 id4429 id4432 id4435 id4438 id4441 id4444 id4447 id4450 id4453 id4456 id4459 id4462 id4465 id4468 id4471 id4474 id4477 id4480 id4483 id4486 id4489 id4492 id4495 id4498 id4501 id4504 id4507 id4510 id4513 id4516 id4519 id4522 id4525 id4528 id4531 id4534 id4537 id4540 id4543 id4546 id4549
976,"034P_00.00.00.001_Lancuch_10B-1x703,88.asm:8",id7759,id4322,"034P_00.00.00.001_Lancuch_10B-1x703,88",assembly,id4375 id4423 id4426 id4429 id4432 id4435 id4438 id4441 id4444 id4447 id4450 id4453 id4456 id4459 id4462 id4465 id4468 id4471 id4474 id4477 id4480 id4483 id4486 id4489 id4492 id4495 id4498 id4501 id4504 id4507 id4510 id4513 id4516 id4519 id4522 id4525 id4528 id4531 id4534 id4537 id4540 id4543 id4546 id4549
977,"034P_00.00.00.001_Lancuch_10B-1x703,88.asm:9",id7806,id4322,"034P_00.00.00.001_Lancuch_10B-1x703,88",assembly,id4375 id4423 id4426 id4429 id4432 id4435 id4438 id4441 id4444 id4447 id4450 id4453 id4456 id4459 id4462 id4465 id4468 id4471 id4474 id4477 id4480 id4483 id4486 id4489 id4492 id4495 id4498 id4501 id4504 id4507 id4510 id4513 id4516 id4519 id4522 id4525 id4528 id4531 id4534 id4537 id4540 id4543 id4546 id4549
978,"034P_00.00.00.001_Lancuch_10B-1x703,88.asm:10",id7853,id4322,"034P_00.00.00.001_Lancuch_10B-1x703,88",assembly,id4375 id4423 id4426 id4429 id4432 id4435 id4438 id4441 id4444 id4447 id4450 id4453 id4456 id4459 id4462 id4465 id4468 id4471 id4474 id4477 id4480 id4483 id4486 id4489 id4492 id4495 id4498 id4501 id4504 id4507 id4510 id4513 id4516 id4519 id4522 id4525 id4528 id4531 id4534 id4537 id4540 id4543 id4546 id4549
979,"034P_00.00.00.001_Lancuch_10B-1x703,88.asm:11",id7900,id4322,"034P_00.00.00.001_Lancuch_10B-1x703,88",assembly,id4375 id4423 id4426 id4429 id4432 id4435 id4438 id4441 id4444 id4447 id4450 id4453 id4456 id4459 id4462 id4465 id4468 id4471 id4474 id4477 id4480 id4483 id4486 id4489 id4492 id4495 id4498 id4501 id4504 id4507 id4510 id4513 id4516 id4519 id4522 id4525 id4528 id4531 id4534 id4537 id4540 id4543 id4546 id4549
980,"034P_00.00.00.001_Lancuch_10B-1x703,88.asm:12",id7947,id4322,"034P_00.00.00.001_Lancuch_10B-1x703,88",assembly,id4375 id4423 id4426 id4429 id4432 id4435 id4438 id4441 id4444 id4447 id4450 id4453 id4456 id4459 id4462 id4465 id4468 id4471 id4474 id4477 id4480 id4483 id4486 id4489 id4492 id4495 id4498 id4501 id4504 id4507 id4510 id4513 id4516 id4519 id4522 id4525 id4528 id4531 id4534 id4537 id4540 id4543 id4546 id4549
981,"034P_00.00.00.001_Lancuch_10B-1x703,88.asm:13",id7994,id4322,"034P_00.00.00.001_Lancuch_10B-1x703,88",assembly,id4375 id4423 id4426 id4429 id4432 id4435 id4438 id4441 id4444 id4447 id4450 id4453 id4456 id4459 id4462 id4465 id4468 id4471 id4474 id4477 id4480 id4483 id4486 id4489 id4492 id4495 id4498 id4501 id4504 id4507 id4510 id4513 id4516 id4519 id4522 id4525 id4528 id4531 id4534 id4537 id4540 id4543 id4546 id4549
982,"034P_00.00.00.001_Lancuch_10B-1x703,88.asm:14",id8041,id4322,"034P_00.00.00.001_Lancuch_10B-1x703,88",assembly,id4375 id4423 id4426 id4429 id4432 id4435 id4438 id4441 id4444 id4447 id4450 id4453 id4456 id4459 id4462 id4465 id4468 id4471 id4474 id4477 id4480 id4483 id4486 id4489 id4492 id4495 id4498 id4501 id4504 id4507 id4510 id4513 id4516 id4519 id4522 id4525 id4528 id4531 id4534 id4537 id4540 id4543 id4546 id4549
983,"034P_00.00.00.001_Lancuch_10B-1x703,88.asm:15",id8088,id4322,"034P_00.00.00.001_Lancuch_10B-1x703,88",assembly,id4375 id4423 id4426 id4429 id4432 id4435 id4438 id4441 id4444 id4447 id4450 id4453 id4456 id4459 id4462 id4465 id4468 id4471 id4474 id4477 id4480 id4483 id4486 id4489 id4492 id4495 id4498 id4501 id4504 id4507 id4510 id4513 id4516 id4519 id4522 id4525 id4528 id4531 id4534 id4537 id4540 id4543 id4546 id4549
984,"034P_00.00.00.001_Lancuch_10B-1x703,88.asm:16",id8135,id4322,"034P_00.00.00.001_Lancuch_10B-1x703,88",assembly,id4375 id4423 id4426 id4429 id4432 id4435 id4438 id4441 id4444 id4447 id4450 id4453 id4456 id4459 id4462 id4465 id4468 id4471 id4474 id4477 id4480 id4483 id4486 id4489 id4492 id4495 id4498 id4501 id4504 id4507 id4510 id4513 id4516 id4519 id4522 id4525 id4528 id4531 id4534 id4537 id4540 id4543 id4546 id4549
985,"034P_00.00.00.001_Lancuch_10B-1x703,88.asm:17",id8182,id4322,"034P_00.00.00.001_Lancuch_10B-1x703,88",assembly,id4375 id4423 id4426 id4429 id4432 id4435 id4438 id4441 id4444 id4447 id4450 id4453 id4456 id4459 id4462 id4465 id4468 id4471 id4474 id4477 id4480 id4483 id4486 id4489 id4492 id4495 id4498 id4501 id4504 id4507 id4510 id4513 id4516 id4519 id4522 id4525 id4528 id4531 id4534 id4537 id4540 id4543 id4546 id4549
986,"034P_00.00.00.001_Lancuch_10B-1x703,88.asm:18",id8229,id4322,"034P_00.00.00.001_Lancuch_10B-1x703,88",assembly,id4375 id4423 id4426 id4429 id4432 id4435 id4438 id4441 id4444 id4447 id4450 id4453 id4456 id4459 id4462 id4465 id4468 id4471 id4474 id4477 id4480 id4483 id4486 id4489 id4492 id4495 id4498 id4501 id4504 id4507 id4510 id4513 id4516 id4519 id4522 id4525 id4528 id4531 id4534 id4537 id4540 id4543 id4546 id4549
987,"034P_00.00.00.001_Lancuch_10B-1x703,88.asm:19",id8276,id4322,"034P_00.00.00.001_Lancuch_10B-1x703,88",assembly,id4375 id4423 id4426 id4429 id4432 id4435 id4438 id4441 id4444 id4447 id4450 id4453 id4456 id4459 id4462 id4465 id4468 id4471 id4474 id4477 id4480 id4483 id4486 id4489 id4492 id4495 id4498 id4501 id4504 id4507 id4510 id4513 id4516 id4519 id4522 id4525 id4528 id4531 id4534 id4537 id4540 id4543 id4546 id4549
988,"034P_00.00.00.001_Lancuch_10B-1x703,88.asm:20",id8323,id4322,"034P_00.00.00.001_Lancuch_10B-1x703,88",assembly,id4375 id4423 id4426 id4429 id4432 id4435 id4438 id4441 id4444 id4447 id4450 id4453 id4456 id4459 id4462 id4465 id4468 id4471 id4474 id4477 id4480 id4483 id4486 id4489 id4492 id4495 id4498 id4501 id4504 id4507 id4510 id4513 id4516 id4519 id4522 id4525 id4528 id4531 id4534 id4537 id4540 id4543 id4546 id4549
989,"034P_00.00.00.001_Lancuch_10B-1x703,88.asm:21",id8370,id4322,"034P_00.00.00.001_Lancuch_10B-1x703,88",assembly,id4375 id4423 id4426 id4429 id4432 id4435 id4438 id4441 id4444 id4447 id4450 id4453 id4456 id4459 id4462 id4465 id4468 id4471 id4474 id4477 id4480 id4483 id4486 id4489 id4492 id4495 id4498 id4501 id4504 id4507 id4510 id4513 id4516 id4519 id4522 id4525 id4528 id4531 id4534 id4537 id4540 id4543 id4546 id4549
990,"034P_00.00.00.001_Lancuch_10B-1x703,88.asm:22",id8417,id4322,"034P_00.00.00.001_Lancuch_10B-1x703,88",assembly,id4375 id4423 id4426 id4429 id4432 id4435 id4438 id4441 id4444 id4447 id4450 id4453 id4456 id4459 id4462 id4465 id4468 id4471 id4474 id4477 id4480 id4483 id4486 id4489 id4492 id4495 id4498 id4501 id4504 id4507 id4510 id4513 id4516 id4519 id4522 id4525 id4528 id4531 id4534 id4537 id4540 id4543 id4546 id4549
991,"034P_00.00.00.001_Lancuch_10B-1x703,88.asm:23",id8464,id4322,"034P_00.00.00.001_Lancuch_10B-1x703,88",assembly,id4375 id4423 id4426 id4429 id4432 id4435 id4438 id4441 id4444 id4447 id4450 id4453 id4456 id4459 id4462 id4465 id4468 id4471 id4474 id4477 id4480 id4483 id4486 id4489 id4492 id4495 id4498 id4501 id4504 id4507 id4510 id4513 id4516 id4519 id4522 id4525 id4528 id4531 id4534 id4537 id4540 id4543 id4546 id4549
992,"034P_00.00.00.001_Lancuch_10B-1x703,88.asm:24",id8511,id4322,"034P_00.00.00.001_Lancuch_10B-1x703,88",assembly,id4375 id4423 id4426 id4429 id4432 id4435 id4438 id4441 id4444 id4447 id4450 id4453 id4456 id4459 id4462 id4465 id4468 id4471 id4474 id4477 id4480 id4483 id4486 id4489 id4492 id4495 id4498 id4501 id4504 id4507 id4510 id4513 id4516 id4519 id4522 id4525 id4528 id4531 id4534 id4537 id4540 id4543 id4546 id4549
993,"034P_00.00.00.001_Lancuch_10B-1x703,88.asm:25",id8558,id4322,"034P_00.00.00.001_Lancuch_10B-1x703,88",assembly,id4375 id4423 id4426 id4429 id4432 id4435 id4438 id4441 id4444 id4447 id4450 id4453 id4456 id4459 id4462 id4465 id4468 id4471 id4474 id4477 id4480 id4483 id4486 id4489 id4492 id4495 id4498 id4501 id4504 id4507 id4510 id4513 id4516 id4519 id4522 id4525 id4528 id4531 id4534 id4537 id4540 id4543 id4546 id4549
994,DIN_933_M8x25_Zn_KL8.8.par:69,id8605,id2234,x,x,x
995,DIN_985_M8_Zn_KL.8.par:34,id8608,id2295,x,x,x
996,DIN_125_M8_Zn_HV200.par:115,id8611,id2199,x,x,x
997,DIN_125_M10_Zn_HV200.par:97,id8614,id2546,x,x,x
998,DIN_127_M10_Zn_HV200.par:93,id8617,id2584,x,x,x
999,DIN_933_M10x25_Zn_KL8.8.par:31,id8620,id5629,x,x,x
1000,DIN_127_M10_Zn_HV200.par:92,id8623,id2584,x,x,x
1001,DIN_125_M10_Zn_HV200.par:96,id8626,id2546,x,x,x
